year,topic,state_abbr,likes_pro,likes_anti,likes_neutral,likes,likes_total,n_posts,impressions,stance_bias,share_in_state,weighted_stance_bias,stance_bias_z,state,democrat_pct,republican_pct,dem_minus_rep
2024,Abortion,AK,2848.9384189957646,2759.838692499981,1965.6760529138342,7574.453164409579,7574.453164409579,3596,53282686.142049,0.011763189310409962,0.07013486958408559,0.0008250097481785123,-0.6371992386420142,Alaska,41.41,54.54,-13.130000000000004
2024,Abortion,AL,8424.660110646786,13803.393521344437,10474.523258175212,32702.576890166434,32702.576890166434,4355,105200200.1509245,-0.16447429903650862,0.06745192526843821,-0.011094108127189339,-1.3594418615019686,Alabama,34.1,64.57,-30.46999999999999
2024,Abortion,AR,6451.234054188293,8647.869760799305,6515.215439079988,21614.31925406759,21614.31925406759,3985,74573194.349278,-0.1016287249573048,0.07056661747116373,-0.0071715953581442385,-1.1018930693360516,Arkansas,33.56,64.2,-30.64
2024,Abortion,AZ,57532.608080475096,17996.36062708742,12879.760699404505,88408.72940696702,88408.72940696702,4735,685068927.0665025,0.44719845787391266,0.104121311096033,0.046562889753955866,1.1472673547195988,Arizona,46.69,52.22,-5.530000000000001
2024,Abortion,CA,108090.51008233684,32997.96071711735,37119.821679288936,178208.29247874313,178208.29247874313,4714,889035322.5054895,0.4213751690268656,0.09496935783728201,0.04001772921105759,1.0414403820209859,California,58.47,38.33,20.14
2024,Abortion,CO,18267.77448486239,8816.796570544871,7546.364295835929,34630.93535124319,34630.93535124319,4484,168277224.961602,0.27290564977414755,0.08426446199456443,0.022996247753495565,0.4329942676008898,Colorado,54.13,43.14,10.990000000000002
2024,Abortion,CT,11051.082218725885,4233.032628027797,4478.790609210964,19762.905455964647,19762.905455964647,4139,95729146.681632,0.34499226876786643,0.08941405162682847,0.030847156530466692,0.728413983709435,Connecticut,56.4,41.89,14.509999999999998
2024,Abortion,DC,3793.046764131279,131.2032472628201,496.6392504290517,4420.889261823151,4420.889261823151,2111,67033596.753866,0.8283047368977376,0.11279680955936978,0.093430131664978,2.7090871532901537,District of Columbia,90.28,6.47,83.81
2024,Abortion,DE,3238.660165332646,1625.983233974372,1532.6007362051237,6397.244135512143,6397.244135512143,3748,34868520.5026595,0.25208932115096905,0.08719386074509108,0.021980641163762138,0.34768642575554815,Delaware,56.49,41.79,14.700000000000005
2024,Abortion,FL,59181.13504982034,61102.42827095455,38072.579342418525,158356.1426631934,158356.1426631934,4742,545416265.155478,-0.012132735673036679,0.08889022161329652,-0.0010784815627517786,-0.735127640241429,Florida,42.99,56.09,-13.1
2024,Abortion,GA,53010.59191016965,21276.81149700863,20694.15405712555,94981.55746430383,94981.55746430383,4757,753128974.491308,0.33410465421234303,0.09414840577152303,0.031455420554938066,0.68379521748082,Georgia,48.53,50.72,-2.1899999999999977
2024,Abortion,HI,3696.763376084795,1518.5531145065356,1597.4699973076426,6812.786487898973,6812.786487898973,3623,25868229.556088,0.31972384067036974,0.08475021894379178,0.027096665498363835,0.6248608977237808,Hawaii,60.59,37.48,23.110000000000007
2024,Abortion,IA,13701.934239588261,8753.908724826935,7139.636045472619,29595.47900988782,29595.47900988782,4134,94911417.5076845,0.16718855988471062,0.0756247764747088,0.012643597470409709,-0.0002472010505980015,Iowa,42.52,55.73,-13.209999999999994
2024,Abortion,ID,4714.70052766641,6707.007919659392,4316.907629106543,15738.616076432347,15738.616076432347,3808,53650678.0049265,-0.1265872032405915,0.07778923466437002,-0.009847121658388672,-1.2041759433544919,Idaho,30.38,66.87,-36.49000000000001
2024,Abortion,IL,34008.48734346419,19615.798092840094,16979.345376054178,70603.63081235846,70603.63081235846,4675,294507569.4020175,0.20385197028854218,0.08274572635503051,0.01686787935042952,0.15000390580204473,Illinois,54.37,43.47,10.9
2024,Abortion,IN,16459.112180173128,16897.41150197153,13071.900717342001,46428.42439948666,46428.42439948666,4513,169740017.5101755,-0.009440322980317342,0.07469244480240389,-0.0007051208031242181,-0.72409380616191,Indiana,39.62,58.58,-18.96
2024,Abortion,KS,7660.2241398016495,8282.485682804923,6019.224166305417,21961.933988911987,21961.933988911987,4060,80192374.174137,-0.028333640530812887,0.07515443034436652,-0.002129398613675297,-0.8015209151736715,Kansas,41.04,57.16,-16.119999999999997
2024,Abortion,KY,10036.201606015837,12716.23386982009,10002.28179103061,32754.717266866537,32754.717266866537,4336,105625255.9847015,-0.08182126079638838,0.06871320767098066,-0.005622201285003703,-1.0207196765353994,Kentucky,33.94,64.47,-30.53
2024,Abortion,LA,7671.855687961192,10506.562975396364,8387.515956860396,26565.93462021795,26565.93462021795,4243,96725967.062774,-0.10670459473606561,0.06295480257156526,-0.006717566695087892,-1.1226945999110414,Louisiana,38.21,60.22,-22.01
2024,Abortion,MA,29209.032114489142,8616.069079688094,8152.416340349093,45977.51753452633,45977.51753452633,4453,175794774.593214,0.447892016339007,0.10399693089195519,0.04657939507026618,1.150109641509061,Massachusetts,61.22,36.02,25.2
2024,Abortion,MD,21881.33643270393,7675.257005362262,8020.1172735949895,37576.71071166118,37576.71071166118,4537,178983129.627003,0.37805542737228187,0.09989288983595082,0.037765049158382656,0.8639108216096739,Maryland,62.62,34.08,28.54
2024,Abortion,ME,6697.741616239227,3597.8666868002,3130.558401591292,13426.16670463072,13426.16670463072,3819,76407729.0346285,0.230883095498127,0.0790602659569514,0.01825367893504613,0.26078073854829803,Maine,52.4,45.46,6.939999999999998
2024,Abortion,MI,91548.55072942234,24787.084356943484,20333.93126104369,136669.5663474095,136669.5663474095,4766,1154558251.924026,0.4884881700932117,0.10136611279665869,0.0495161469495019,1.3164776080551268,Michigan,48.31,49.73,-1.4199999999999946
2024,Abortion,MN,23255.305865857707,14928.795141577835,11750.441064865941,49934.54207230148,49934.54207230148,4519,235849794.18834502,0.1667485147300181,0.0815392813327419,0.0135965540543878,-0.002050559516966595,Minnesota,50.92,46.68,4.240000000000002
2024,Abortion,MO,15869.10816678358,16716.472315438725,11978.230532414209,44563.811014636514,44563.811014636514,4424,162587549.720376,-0.019014624857304874,0.07497994355976681,-0.0014257154986108585,-0.7633304575948704,Missouri,40.08,58.49,-18.410000000000004
2024,Abortion,MS,3987.12380924184,7682.339633677135,5927.956281823552,17597.419724742525,17597.419724742525,3841,55248394.313544,-0.20998622992663551,0.06236535679126699,-0.01309586615062765,-1.5459552795370761,Mississippi,38.0,60.89,-22.89
2024,Abortion,MT,4477.691186674436,3466.4807217579914,2567.4108473817,10511.582755814126,10511.582755814126,3765,113991932.423041,0.09619963885620626,0.07978691553003804,0.007675472459440295,-0.29116841763477436,Montana,38.46,58.39,-19.93
2024,Abortion,NC,76446.6648212983,24872.98032044766,22493.93716591996,123813.58230766593,123813.58230766593,4804,878128884.0007385,0.4165430281525539,0.09894775900186499,0.041215999163545965,1.0216376820856476,North Carolina,47.65,50.86,-3.210000000000001
2024,Abortion,ND,1890.7817691475047,2339.149586129688,1667.479580716355,5897.410935993548,5897.410935993548,3282,23974818.299602,-0.07602790815299458,0.07528291888392798,-0.005723602842396617,-0.996977814077164,North Dakota,30.51,66.96,-36.44999999999999
2024,Abortion,NE,8002.32005402748,5538.506252838439,3847.090133704855,17387.916440570774,17387.916440570774,4088,85954554.5564525,0.14169689678518863,0.08493398359507877,0.01203488190702678,-0.10471513117576646,Nebraska,38.86,59.32,-20.46
2024,Abortion,NH,7495.588752634676,3092.939159554342,2631.1423069132516,13219.67021910227,13219.67021910227,3776,88560599.464212,0.33303777780466537,0.08335639251930363,0.027760827730442313,0.6794230284410412,New Hampshire,50.65,47.87,2.780000000000001
2024,Abortion,NJ,20796.36181931127,11024.115711859153,11082.080241612639,42902.55777278306,42902.55777278306,4554,219749348.75352952,0.2277777040522169,0.0831586705989249,0.018941691061057708,0.2480544674016848,New Jersey,51.97,46.06,5.909999999999997
2024,Abortion,NM,7325.817881934083,3812.1230838431675,3088.059248311976,14226.000214089227,14226.000214089227,3911,61087824.961274,0.24699105477385008,0.08636105045867155,0.021330406944164975,0.3267931112014912,New Mexico,51.85,45.85,6.0
2024,Abortion,NV,40883.57466687,6786.952214365672,5998.489152145744,53669.01603338142,53669.01603338142,4516,431013894.0514775,0.6353129789317673,0.13118181334387122,0.08334150861716588,1.9181834995265645,Nevada,47.49,50.59,-3.1000000000000014
2024,Abortion,NY,56498.527873879604,26970.11469591291,23354.115434195777,106822.75800398829,106822.75800398829,4704,498962227.6018505,0.2764243662091577,0.08379412125301391,0.023162736859417686,0.44741439473138755,New York,55.91,43.31,12.599999999999994
2024,Abortion,OH,33695.80560161566,27194.83685017605,20799.62783493099,81690.2702867227,81690.2702867227,4735,456663270.9211685,0.0795806982719242,0.07923997997372412,0.006305972937362255,-0.35927485372468404,Ohio,43.93,55.14,-11.21
2024,Abortion,OK,7835.6426507001925,11546.723151778766,8187.31035112951,27569.676153608467,27569.676153608467,4103,99647380.5699555,-0.13460733018413956,0.06873408035553698,-0.009252111049320947,-1.237043397230001,Oklahoma,31.9,66.16,-34.26
2024,Abortion,OR,18838.903698752623,7451.9577663080845,6842.238536799089,33133.1000018598,33133.1000018598,4329,128318512.461423,0.34367282058743,0.0868156890482377,0.029836192726449107,0.7230067248821284,Oregon,55.27,40.97,14.300000000000004
2024,Abortion,PA,89773.29849774382,28038.480149170122,23169.9863223271,140981.76496924105,140981.76496924105,4796,1280461059.207439,0.4378922221752778,0.0919407773644606,0.04026015130864613,1.1091292710293446,Pennsylvania,48.66,50.37,-1.7100000000000009
2024,Abortion,RI,3585.823833595013,1554.3392919957457,1473.9123784650221,6614.075504055781,6614.075504055781,3622,26160101.0032255,0.30714565328949633,0.0897693873863039,0.027572277134164182,0.5733139588176646,Rhode Island,55.54,41.76,13.78
2024,Abortion,SC,11438.540637084861,14466.008340926497,10192.312162028209,36096.86114003957,36096.86114003957,4491,126458602.1498215,-0.0838706637703601,0.07722584138336785,-0.006476982577047606,-1.0291183787247127,South Carolina,40.36,58.23,-17.869999999999997
2024,Abortion,SD,1964.6917598163736,2956.8130855634513,2214.468789333912,7135.973634713737,7135.973634713737,3422,21073218.716295,-0.13903096851714716,0.07381527954144781,-0.010262609806011447,-1.2551720041579781,South Dakota,34.24,63.43,-29.19
2024,Abortion,TN,15728.39023784587,19201.507013571787,15402.87398257031,50332.771233987965,50332.771233987965,4516,169415504.8534315,-0.06900309064207938,0.06770600033176856,-0.0046719232779056825,-0.9681892590893135,Tennessee,34.47,64.19,-29.72
2024,Abortion,TX,56075.18804816009,62084.06412053449,42898.68103668795,161057.93320538252,161057.93320538252,4753,695565646.073181,-0.037308786675610855,0.07668953479342414,-0.0028611934938596977,-0.8383021536773104,Texas,42.46,56.14,-13.68
2024,Abortion,UT,6252.953786800121,7405.413914734675,4792.206463094693,18450.574164629492,18450.574164629492,3925,62720620.7998665,-0.06246201975350272,0.0807980881679939,-0.005046811779194489,-0.9413831564876981,Utah,37.79,59.38,-21.590000000000003
2024,Abortion,VA,25645.211058774847,15598.341779873283,12986.057021850731,54229.609860498866,54229.609860498866,4568,243001019.467697,0.18526538001557258,0.08105781156314606,0.015017206262476929,0.07383380241094295,Virginia,51.83,46.05,5.780000000000001
2024,Abortion,VT,3450.6520960002854,1152.1906832895213,1102.9744317631937,5705.817211053,5705.817211053,3323,22375761.9755535,0.40282773311740677,0.08483759343844212,0.034174935447943824,0.9654307379649761,Vermont,63.83,32.32,31.51
2024,Abortion,WA,30980.736865037907,13729.6288124298,11423.841555421732,56134.20723288944,56134.20723288944,4586,217962445.96588948,0.3073189932305761,0.0953040303382484,0.029288738654366778,0.5740243269400552,Washington,57.23,39.01,18.22
2024,Abortion,WI,75337.02840472218,15230.77926098478,12592.935227356751,103160.74289306371,103160.74289306371,4725,742217994.6489315,0.5826465325675626,0.09415063845800539,0.05485654303657905,1.7023500085049514,Wisconsin,48.74,49.6,-0.8599999999999994
2024,Abortion,WV,4483.755310456063,5970.368848686032,5140.8480841719165,15594.972243314012,15594.972243314012,3865,75344126.451763,-0.09532646259548942,0.06755215733663014,-0.006439508199594889,-1.0760656330689784,West Virginia,28.1,69.97,-41.87
2024,Abortion,WY,1034.475388519883,2208.9413716206527,1483.855531287691,4727.272291428227,4727.272291428227,3255,19991177.2369585,-0.24844475010047165,0.07089517242136283,-0.017613533395555336,-1.7035629641574266,Wyoming,25.84,71.6,-45.75999999999999
2024,Immigration,AK,635.2886903707615,7747.706348994972,485.16626496740156,8868.161304333136,8868.161304333136,3280,53282686.142049,-0.8020171729565814,0.082113826969385,-0.06585669936663205,-0.576475422731572,Alaska,41.41,54.54,-13.130000000000004
2024,Immigration,AL,2328.3567675954746,40274.042742418846,2107.263092476929,44709.662602491255,44709.662602491255,3699,105200200.1509245,-0.8487133153339655,0.09221758978715695,-0.07826629636036563,-0.9996412980608139,Alabama,34.1,64.57,-30.46999999999999
2024,Immigration,AR,1656.6648949926177,23504.55505533274,1271.3567660802705,26432.576716405627,26432.576716405627,3605,74573194.349278,-0.8265516598985231,0.08629730633652795,-0.07132918179722851,-0.7988097979918483,Arkansas,33.56,64.2,-30.64
2024,Immigration,AZ,7455.943447291752,48152.88915518237,2471.294285618171,58080.12688809229,58080.12688809229,3926,685068927.0665025,-0.7007034572480315,0.06840250957995972,-0.04792987494711937,0.34164125689013525,Arizona,46.69,52.22,-5.530000000000001
2024,Immigration,CA,21384.48224522048,97122.31697121907,8126.789149766322,126633.58836620588,126633.58836620588,3989,889035322.5054895,-0.5980864611289053,0.06748457325129126,-0.04036160959665917,1.2715684152294187,California,58.47,38.33,20.14
2024,Immigration,CO,3168.235079955075,21612.585296375182,1615.9270893280864,26396.747465658344,26396.747465658344,3744,168277224.961602,-0.6987357150882262,0.06422892425630755,-0.04487904331957857,0.35947316528948,Colorado,54.13,43.14,10.990000000000002
2024,Immigration,CT,1969.2149173891216,12602.815948734833,967.447765748194,15539.478631872149,15539.478631872149,3493,95729146.681632,-0.6842958688160703,0.0703058438315235,-0.04810999848753933,0.49032873228672175,Connecticut,56.4,41.89,14.509999999999998
2024,Immigration,DC,592.2636663835558,847.6191436360323,172.90244651623533,1612.7852565358235,1612.7852565358235,1120,67033596.753866,-0.15833197644735816,0.04114942055042768,-0.006515269085412751,5.256674720934727,District of Columbia,90.28,6.47,83.81
2024,Immigration,DE,573.8862194462943,4330.890488328945,307.12792104468804,5211.904628819928,5211.904628819928,3183,34868520.5026595,-0.7208505405313425,0.07103779014768505,-0.05120762942611084,0.15906604405965316,Delaware,56.49,41.79,14.700000000000005
2024,Immigration,FL,11946.717258229515,117675.06111707333,14508.047955846636,144129.8263311495,144129.8263311495,4024,545416265.155478,-0.7335632502319451,0.08090454836924768,-0.05934860346029294,0.04386198962650774,Florida,42.99,56.09,-13.1
2024,Immigration,GA,7769.4928068773925,63501.37690382947,3241.5892360218895,74512.45894672874,74512.45894672874,3934,753128974.491308,-0.747953897707181,0.0738588564689208,-0.055243019576124555,-0.08654773214875523,Georgia,48.53,50.72,-2.1899999999999977
2024,Immigration,HI,812.6397933172727,4556.624590740848,373.6361497030233,5742.900533761144,5742.900533761144,3163,25868229.556088,-0.6519327255301708,0.07144097036846594,-0.046574706526834174,0.783607302201655,Hawaii,60.59,37.48,23.110000000000007
2024,Immigration,IA,2360.52155553964,24890.14614068815,1474.63077772511,28725.2984739529,28725.2984739529,3565,94911417.5076845,-0.7843129847920498,0.0734012203531561,-0.05756953022256282,-0.4160380096987982,Iowa,42.52,55.73,-13.209999999999994
2024,Immigration,ID,1040.0398718316237,14049.737940654737,800.0069480984589,15889.78476058482,15889.78476058482,3410,53650678.0049265,-0.8187460223560822,0.07853639668854885,-0.06430136239892875,-0.7280742023947794,Idaho,30.38,66.87,-36.49000000000001
2024,Immigration,IL,6913.8230184855365,51864.23161007756,3679.872869145832,62457.92749770892,62457.92749770892,3974,294507569.4020175,-0.7196910046885704,0.0731991615440141,-0.05268077811397247,0.16957389277907786,Illinois,54.37,43.47,10.9
2024,Immigration,IN,3746.759433428882,45636.59614945226,2568.8988085630463,51952.25439144419,51952.25439144419,3823,169740017.5101755,-0.8063141283609446,0.0835789916130838,-0.06739092177179036,-0.6154149325575217,Indiana,39.62,58.58,-18.96
2024,Immigration,KS,1762.827711967607,20408.477492811006,1214.8963624253313,23386.20156720394,23386.20156720394,3610,80192374.174137,-0.7972927851178475,0.08002831888981629,-0.06380600125596088,-0.5336624704535079,Kansas,41.04,57.16,-16.119999999999997
2024,Immigration,KY,2585.057530879631,37898.89389959707,2002.5523816403434,42486.503812117044,42486.503812117044,3719,105625255.9847015,-0.8311777435225446,0.08912865697696164,-0.07408175598930587,-0.8407319060384743,Kentucky,33.94,64.47,-30.53
2024,Immigration,LA,2095.0090197010713,40939.082865538425,1709.0770536709233,44743.16893891042,44743.16893891042,3710,96725967.062774,-0.8681565201354573,0.10603042607925332,-0.09205100573344441,-1.17583788219265,Louisiana,38.21,60.22,-22.01
2024,Immigration,MA,4439.207721287383,22093.83255717387,1886.8476107154079,28419.88788917666,28419.88788917666,3623,175794774.593214,-0.6212067023181334,0.06428318176483447,-0.03993314335864998,1.0620500995280062,Massachusetts,61.22,36.02,25.2
2024,Immigration,MD,3601.419180258526,20761.528320869704,1697.017720783283,26059.965221911512,26059.965221911512,3649,178983129.627003,-0.6584854966031484,0.06927709173419651,-0.04561796015381425,0.7242253283221238,Maryland,62.62,34.08,28.54
2024,Immigration,ME,1166.8963566929842,10180.677905283104,885.588116208944,12233.162378185034,12233.162378185034,3321,76407729.0346285,-0.7368316768740091,0.0720352348060974,-0.05307784285618973,0.014243127114039035,Maine,52.4,45.46,6.939999999999998
2024,Immigration,MI,11119.6762826524,83812.04129136058,4188.02658243226,99119.74415644525,99119.74415644525,3973,1154558251.924026,-0.7333792639130956,0.0735158780046032,-0.05391502049694083,0.04552929505476668,Michigan,48.31,49.73,-1.4199999999999946
2024,Immigration,MN,3870.6742798466366,34986.59383437383,2330.2552519336946,41187.523366154164,41187.523366154164,3794,235849794.18834502,-0.7554695454229883,0.0672560699623321,-0.05080991260137973,-0.15465540619649643,Minnesota,50.92,46.68,4.240000000000002
2024,Immigration,MO,3401.2557997434287,42031.974434497024,2473.110529125569,47906.34076336602,47906.34076336602,3784,162587549.720376,-0.8063800745202087,0.08060384973386546,-0.06499733835501013,-0.616012544325621,Missouri,40.08,58.49,-18.410000000000004
2024,Immigration,MS,1316.597038836694,23047.535685432347,1245.724706840116,25609.857431109158,25609.857431109158,3506,55248394.313544,-0.8485380562953992,0.09076148214041486,-0.07701457164191722,-0.9980530802619023,Mississippi,38.0,60.89,-22.89
2024,Immigration,MT,688.7048394056886,8863.71692570436,593.9350957606395,10146.35686087069,10146.35686087069,3303,113991932.423041,-0.8057091031191218,0.07701471192320096,-0.062051454470619785,-0.609932123421317,Montana,38.46,58.39,-19.93
2024,Immigration,NC,10453.470504586956,75324.04840948909,3891.2185050922885,89668.73741916832,89668.73741916832,3945,878128884.0007385,-0.7234469868986342,0.07166031750947922,-0.051842440782432185,0.135536744982208,North Carolina,47.65,50.86,-3.210000000000001
2024,Immigration,ND,394.78138682227984,5689.521674399737,326.7343848351979,6411.037446057215,6411.037446057215,3072,23974818.299602,-0.8258788584730105,0.08183957625670163,-0.06758957581679963,-0.7927127931932741,North Dakota,30.51,66.96,-36.44999999999999
2024,Immigration,NE,1334.8023721374702,16014.398988071429,969.1337539379604,18318.33511414686,18318.33511414686,3569,85954554.5564525,-0.8013608509977099,0.08947875838900872,-0.0717047739688345,-0.5705277567770896,Nebraska,38.86,59.32,-20.46
2024,Immigration,NH,1043.89457307041,8355.62933978054,976.0201394899503,10375.5440523409,10375.5440523409,3257,88560599.464212,-0.7047085656255758,0.06542280618910826,-0.046104011908726525,0.3053464987776781,New Hampshire,50.65,47.87,2.780000000000001
2024,Immigration,NJ,4351.20377070684,29774.585356395884,2370.736755854807,36496.52588295753,36496.52588295753,3768,219749348.75352952,-0.6965973053769696,0.07074176299650312,-0.04927852148098029,0.3788516828972791,New Jersey,51.97,46.06,5.909999999999997
2024,Immigration,NM,1377.7163970164145,10725.945419264815,642.021149700773,12745.682965982003,12745.682965982003,3426,61087824.961274,-0.7334427701676446,0.07737456440252648,-0.05674981485590384,0.04495379398707853,New Mexico,51.85,45.85,6.0
2024,Immigration,NV,4723.1833385469545,19203.761746678563,959.4747362130903,24886.41982143861,24886.41982143861,3673,431013894.0514775,-0.5818666771689351,0.06082924415425485,-0.03539451017073414,1.4185539846497348,Nevada,47.49,50.59,-3.1000000000000014
2024,Immigration,NY,11063.801714238158,100009.74694207251,6046.013930301739,117119.5625866124,117119.5625866124,4095,498962227.6018505,-0.7594456746886921,0.09187116127554151,-0.06977115605933726,-0.19068755222572936,New York,55.91,43.31,12.599999999999994
2024,Immigration,OH,6619.96179208952,70329.29337017423,4038.507592354641,80987.7627546184,80987.7627546184,3952,456663270.9211685,-0.7866538031321483,0.07855854407468801,-0.06179837746487782,-0.4372507778514466,Ohio,43.93,55.14,-11.21
2024,Immigration,OK,2056.180179587501,29558.256302933794,1614.5439583580448,33228.98044087934,33228.98044087934,3672,99647380.5699555,-0.8276533242504296,0.08284331665814762,-0.06856554642404687,-0.8087932085276899,Oklahoma,31.9,66.16,-34.26
2024,Immigration,OR,3018.2753278656483,19002.967445184728,1511.7046998788283,23532.947472929205,23532.947472929205,3638,128318512.461423,-0.6792473461178989,0.061661270755940606,-0.04188325451922987,0.5360790323741634,Oregon,55.27,40.97,14.300000000000004
2024,Immigration,PA,12034.535774629203,92187.02828999887,4892.54495166828,109114.10901629635,109114.10901629635,4042,1280461059.207439,-0.7345749622846554,0.07115839418365591,-0.052271174723695676,0.034693737291950584,Pennsylvania,48.66,50.37,-1.7100000000000009
2024,Immigration,RI,815.5657396339255,4102.3420947075265,314.23821682269477,5232.146051164147,5232.146051164147,3186,26160101.0032255,-0.6281889540033571,0.07101318172746299,-0.044609696349825284,0.9987761223701467,Rhode Island,55.54,41.76,13.78
2024,Immigration,SC,2393.260751228974,36722.62210949528,5263.534443372789,44379.41730409704,44379.41730409704,3716,126458602.1498215,-0.7735424087034389,0.0949455917542622,-0.07344444174136536,-0.3184337960251517,South Carolina,40.36,58.23,-17.869999999999997
2024,Immigration,SD,517.1746222276679,7479.971976838003,411.02593346023934,8408.17253252591,8408.17253252591,3146,21073218.716295,-0.8280987726733328,0.08697504190625013,-0.07202392545577742,-0.8128299139640504,South Dakota,34.24,63.43,-29.19
2024,Immigration,TN,5494.3352782143,69160.39847287211,3570.92199311899,78225.6557442054,78225.6557442054,3895,169415504.8534315,-0.8138770150146539,0.10522659777957043,-0.0856415093009844,-0.6839506913567909,Tennessee,34.47,64.19,-29.72
2024,Immigration,TX,13618.805775606419,212899.18848967098,10246.651391135998,236764.6456564134,236764.6456564134,4130,695565646.073181,-0.841681333636505,0.11273813198487907,-0.09488958128072134,-0.9359166617459673,Texas,42.46,56.14,-13.68
2024,Immigration,UT,1389.7916233612184,14666.879362114423,882.3410823590491,16939.01206783469,16939.01206783469,3460,62720620.7998665,-0.783817124964739,0.07417871001322868,-0.058142543216161996,-0.4115444702503187,Utah,37.79,59.38,-21.590000000000003
2024,Immigration,VA,5012.389927411197,42299.34621755334,2610.065045042686,49921.80119000722,49921.80119000722,3918,243001019.467697,-0.7469072709981831,0.07461886530553812,-0.05573337305034048,-0.0770630791365919,Virginia,51.83,46.05,5.780000000000001
2024,Immigration,VT,584.7251984739647,3086.007383511288,504.5975220704304,4175.3301040556835,4175.3301040556835,2862,22375761.9755535,-0.5990621394480204,0.062081371473481285,-0.037190599214771004,1.262726704781232,Vermont,63.83,32.32,31.51
2024,Immigration,WA,5525.823155424908,30622.42422643093,2375.2374791126695,38523.48486096851,38523.48486096851,3716,217962445.96588948,-0.6514623783798327,0.06540474250741124,-0.042608729111198666,0.7878696428030028,Washington,57.23,39.01,18.22
2024,Immigration,WI,7336.468913276647,47295.2968903402,2924.1936779126795,57555.95948152952,57555.95948152952,3879,742217994.6489315,-0.6942604786197141,0.05252899678966397,-0.03646880645260553,0.40002827886178355,Wisconsin,48.74,49.6,-0.8599999999999994
2024,Immigration,WV,1303.2116738764225,20224.665162742534,909.466661235772,22437.34349785473,22437.34349785473,3434,75344126.451763,-0.843301859272031,0.09719100069786377,-0.08196135159301778,-0.9506020536035821,West Virginia,28.1,69.97,-41.87
2024,Immigration,WY,303.77134975737926,4832.015909496086,280.32405876174016,5416.111318015206,5416.111318015206,3050,19991177.2369585,-0.836069329793268,0.08122573062698996,-0.06791034216727601,-0.8850600299607981,Wyoming,25.84,71.6,-45.75999999999999
2024,Wokeness,AK,2984.12774489809,20418.926312667998,6279.558425657992,29682.612483224082,29682.612483224082,10736,53282686.142049,-0.587374126102399,0.2748430956319927,-0.16143572311211982,-0.5797705929473901,Alaska,41.41,54.54,-13.130000000000004
2024,Wokeness,AL,8910.17762059719,106459.78202961785,29113.58510027876,144483.5447504938,144483.5447504938,11545,105200200.1509245,-0.675160652913641,0.2980099487499365,-0.20120459157276785,-1.1218231294736956,Alabama,34.1,64.57,-30.46999999999999
2024,Wokeness,AR,6634.091983181885,66594.58753113961,19024.92685574329,92253.6063700648,92253.6063700648,11197,74573194.349278,-0.6499528626277552,0.30119037636711865,-0.19575954731573975,-0.966173428306366,Arkansas,33.56,64.2,-30.64
2024,Wokeness,AZ,49313.652955900085,128618.2715132698,49890.33308782751,227822.2575569974,227822.2575569974,12022,685068927.0665025,-0.34809864237048477,0.2683123297078325,-0.09339915770255837,0.8976757487255487,Arizona,46.69,52.22,-5.530000000000001
2024,Wokeness,CA,103430.45842093811,276748.79552352417,139117.54213110663,519296.7960755689,519296.7960755689,11942,889035322.5054895,-0.33375583753334864,0.27673955327380395,-0.0923634413815032,0.9862377869479765,California,58.47,38.33,20.14
2024,Wokeness,CO,20406.319272401393,75955.15849168946,30963.163280684435,127324.64104477529,127324.64104477529,11713,168277224.961602,-0.4362772104714093,0.3098080449595444,-0.135162189636551,0.3532024879353433,Colorado,54.13,43.14,10.990000000000002
2024,Wokeness,CT,10566.581662216904,34789.92501851671,14936.472151866292,60292.9788325999,60292.9788325999,11426,95729146.681632,-0.4017606000784033,0.2727857770754195,-0.1095945774906741,0.566331049862037,Connecticut,56.4,41.89,14.509999999999998
2024,Wokeness,DC,4757.634548845901,2189.59405536558,3660.7151774177473,10607.943781629228,10607.943781629228,4213,67033596.753866,0.2420865481892577,0.2706564547738718,0.06552228688134856,4.5418725427397435,District of Columbia,90.28,6.47,83.81
2024,Wokeness,DE,3133.230169851394,13092.937832031266,5025.825102488121,21251.99310437078,21251.99310437078,10820,34868520.5026595,-0.46864816929248465,0.289662749778705,-0.13574991739601716,0.15332260914162607,Delaware,56.49,41.79,14.700000000000005
2024,Wokeness,FL,52461.897291543835,303100.3743073959,97764.56591920764,453326.83751814737,453326.83751814737,12003,545416265.155478,-0.5528869157361957,0.254466434787749,-0.14069116228818432,-0.36682356638473507,Florida,42.99,56.09,-13.1
2024,Wokeness,GA,49923.17695004467,175877.88881630247,64781.52125693645,290582.5870232836,290582.5870232836,12122,753128974.491308,-0.43345581425416035,0.28803367773252936,-0.12484987231417392,0.3706236689714027,Georgia,48.53,50.72,-2.1899999999999977
2024,Wokeness,HI,3487.1362795715613,13154.26066558717,5864.389002410177,22505.78594756891,22505.78594756891,10461,25868229.556088,-0.4295395152400735,0.27996918587519104,-0.1202578283829876,0.39480550975598877,Hawaii,60.59,37.48,23.110000000000007
2024,Wokeness,IA,10054.732247088512,79827.95780909981,33119.6334869361,123002.32354312442,123002.32354312442,11312,94911417.5076845,-0.5672512807251882,0.314305547165187,-0.17829022416848336,-0.4555187313570879,Iowa,42.52,55.73,-13.209999999999994
2024,Wokeness,ID,5790.768430704502,45348.36378858768,11840.86076381685,62979.99298310903,62979.99298310903,10952,53650678.0049265,-0.6280978050996666,0.3112831159697489,-0.19551624190518427,-0.831225734174427,Idaho,30.38,66.87,-36.49000000000001
2024,Wokeness,IL,34301.513463725525,152290.51068493724,55115.68710734163,241707.71125600438,241707.71125600438,11990,294507569.4020175,-0.488147426526429,0.28327551860108047,-0.138280215403057,0.03292119644232682,Illinois,54.37,43.47,10.9
2024,Wokeness,IN,16557.789520495066,130328.62216615664,37812.64971883211,184699.0614054838,184699.0614054838,11828,169740017.5101755,-0.6159794845729718,0.2971374675647498,-0.1830305841178527,-0.7563991449637862,Indiana,39.62,58.58,-18.96
2024,Wokeness,KS,8128.844499299272,59841.03276008592,18216.30311144667,86186.18037083186,86186.18037083186,11338,80192374.174137,-0.6000055697825969,0.29493182579443594,-0.17696073818281213,-0.6577655465643909,Kansas,41.04,57.16,-16.119999999999997
2024,Wokeness,KY,10826.527282296494,103455.97489332811,28884.31318132966,143166.81535695426,143166.81535695426,11622,105625255.9847015,-0.6470036186813328,0.3003369265887862,-0.19431907832657447,-0.9479628301649167,Kentucky,33.94,64.47,-30.53
2024,Wokeness,LA,8164.779331161935,86544.60436881511,23886.902066464125,118596.28576644117,118596.28576644117,11509,96725967.062774,-0.660896119394593,0.28104434731481637,-0.18574111851814834,-1.0337443905461372,Louisiana,38.21,60.22,-22.01
2024,Wokeness,MA,23242.762286549318,67672.14242248255,30181.88678289028,121096.79149192214,121096.79149192214,11700,175794774.593214,-0.36689147242102554,0.2739098440137799,-0.10049518598082913,0.7816362883729734,Massachusetts,61.22,36.02,25.2
2024,Wokeness,MD,19076.739974190914,62106.52227005753,26711.318217080807,107894.58046132926,107894.58046132926,11853,178983129.627003,-0.3988131944337003,0.28682397250313313,-0.11438918471413834,0.5845302971032279,Maryland,62.62,34.08,28.54
2024,Wokeness,ME,6682.078951570013,29263.074065815174,10232.38369153472,46177.536708919906,46177.536708919906,11017,76407729.0346285,-0.48900389071388667,0.2719173993411627,-0.13296866623063022,0.02763281561535105,Maine,52.4,45.46,6.939999999999998
2024,Wokeness,MI,74970.30847161647,190434.51093934744,75569.06724525681,340973.8866562207,340973.8866562207,12110,1154558251.924026,-0.33863063121940823,0.2528960790557503,-0.08563835888356208,0.9561375611097601,Michigan,48.31,49.73,-1.4199999999999946
2024,Wokeness,MN,26343.751950698075,103309.88339003334,40182.728306490986,169836.3636472224,169836.3636472224,11746,235849794.18834502,-0.4531781638896036,0.2773297693590415,-0.1256797956700577,0.24884473506805552,Minnesota,50.92,46.68,4.240000000000002
2024,Wokeness,MO,16055.06308866067,122292.95215329682,35814.5004245494,174162.5156665069,174162.5156665069,11689,162587549.720376,-0.6099928486797043,0.2930336364323217,-0.1787484226463247,-0.719433664165319,Missouri,40.08,58.49,-18.410000000000004
2024,Wokeness,MS,4395.621361087282,66862.53740264288,16499.605902329276,87757.76466605943,87757.76466605943,11108,55248394.313544,-0.7118107016428469,0.3110140230904175,-0.22138310999675465,-1.3481249618744124,Mississippi,38.0,60.89,-22.89
2024,Wokeness,MT,4366.980709997575,26736.020645778855,7963.5856119303135,39066.586967706746,39066.586967706746,10925,113991932.423041,-0.5725875146009554,0.2965302701646181,-0.1697895303975085,-0.48846819653044743,Montana,38.46,58.39,-19.93
2024,Wokeness,NC,76103.33972235494,206644.28347983642,82047.53102417155,364795.15422636294,364795.15422636294,12123,878128884.0007385,-0.3578472527529193,0.29153233702376663,-0.10432404589259307,0.837481329634707,North Carolina,47.65,50.86,-3.210000000000001
2024,Wokeness,ND,1790.8338145623075,17383.343643843982,4686.880261541615,23861.0577199479,23861.0577199479,10180,23974818.299602,-0.6534710243061145,0.3045963885358669,-0.19904491401647617,-0.9878969037750421,North Dakota,30.51,66.96,-36.44999999999999
2024,Wokeness,NE,6016.59274420008,39522.68849046129,12102.139760985781,57641.42099564715,57641.42099564715,11348,85954554.5564525,-0.581285040644495,0.28155849045940196,-0.16366573857049613,-0.5421725202422331,Nebraska,38.86,59.32,-20.46
2024,Wokeness,NH,6665.263409277053,25053.98828222648,10609.176886724013,42328.42857822755,42328.42857822755,10978,88560599.464212,-0.43442966088299406,0.26690114418993804,-0.11594977355971789,0.3646104907022369,New Hampshire,50.65,47.87,2.780000000000001
2024,Wokeness,NJ,25478.22897936948,87109.27197238352,34359.94198764878,146947.44293940178,146947.44293940178,11832,219749348.75352952,-0.41940874751001594,0.28483043056477714,-0.11946037413591175,0.45735962306365074,New Jersey,51.97,46.06,5.909999999999997
2024,Wokeness,NM,6620.410715890979,28270.855681828343,10889.427288547337,45780.69368626666,45780.69368626666,11127,61087824.961274,-0.472916489957689,0.27791851103425436,-0.13143224673258683,0.1269671520194135,New Mexico,51.85,45.85,6.0
2024,Wokeness,NV,29083.392970082514,52743.95593182666,24981.019007442766,106808.36790935195,106808.36790935195,11872,431013894.0514775,-0.22152349506758517,0.2610689820348724,-0.05783291335410153,1.6792350853223028,Nevada,47.49,50.59,-3.1000000000000014
2024,Wokeness,NY,57084.62296767893,211738.53732985372,83382.95642194407,352206.1167194767,352206.1167194767,12084,498962227.6018505,-0.4391005920131499,0.27627822574421007,-0.12131393248462531,0.33576904818242176,New York,55.91,43.31,12.599999999999994
2024,Wokeness,OH,32014.68374099755,204041.89311261874,62981.509810794356,299038.08666441066,299038.08666441066,12093,456663270.9211685,-0.5752685595687187,0.29006847346078624,-0.1668672729040836,-0.5050227553916495,Ohio,43.93,55.14,-11.21
2024,Wokeness,OK,8908.134556936879,85402.10367037445,23244.729504521736,117554.96773183305,117554.96773183305,11284,99647380.5699555,-0.6507080950244143,0.29307680486536336,-0.1907074493897826,-0.9708367365741157,Oklahoma,31.9,66.16,-34.26
2024,Wokeness,OR,21108.73722621978,66276.53275432256,29685.610463670437,117070.88044421277,117070.88044421277,11588,128318512.461423,-0.38581580113447916,0.3067503237752488,-0.1183491219156085,0.6647848676163262,Oregon,55.27,40.97,14.300000000000004
2024,Wokeness,PA,90214.55170359151,234840.30644401637,91621.50105279218,416676.35920040007,416676.35920040007,12199,1280461059.207439,-0.3470937372544029,0.2717340670450271,-0.09431719286999694,0.903880702799101,Pennsylvania,48.66,50.37,-1.7100000000000009
2024,Wokeness,RI,3365.690206970169,12655.892239199507,5056.075151203098,21077.657597372774,21077.657597372774,10730,26160101.0032255,-0.44076064853559993,0.2860760220977469,-0.12609105303028753,0.32551875259086804,Rhode Island,55.54,41.76,13.78
2024,Wokeness,SC,10055.738954292614,95502.49154184789,26611.805391121867,132170.03588726238,132170.03588726238,11667,126458602.1498215,-0.6464911052943888,0.2827653680874196,-0.18280529535381057,-0.9447982308637729,South Carolina,40.36,58.23,-17.869999999999997
2024,Wokeness,SD,2567.181745222576,20684.967908050126,5758.932953819029,29011.082607091732,29011.082607091732,10417,21073218.716295,-0.6245125839736388,0.30009376184143044,-0.1874123306419615,-0.8090881889728759,South Dakota,34.24,63.43,-29.19
2024,Wokeness,TN,16845.756422584524,154931.2121370259,41074.89215168206,212851.86071129248,212851.86071129248,11757,169415504.8534315,-0.6487397162185836,0.28632137270846003,-0.18574804607820167,-0.9586826536720855,Tennessee,34.47,64.19,-29.72
2024,Wokeness,TX,56922.86403937377,393502.3209478259,124743.51459381418,575168.6995810139,575168.6995810139,12126,695565646.073181,-0.5851838897937875,0.27387300408454857,-0.16026606983970598,-0.5662466139292017,Texas,42.46,56.14,-13.68
2024,Wokeness,UT,6744.635348617821,48183.84792332929,14532.486747394763,69460.97001934187,69460.97001934187,11139,62720620.7998665,-0.5965826933193195,0.30418097181041664,-0.18146910341914635,-0.6366304255323771,Utah,37.79,59.38,-21.590000000000003
2024,Wokeness,VA,24787.507315117135,123968.08127008533,45347.71384120907,194103.30242641154,194103.30242641154,11876,243001019.467697,-0.510967988257539,0.2901291186187354,-0.14824669207554814,-0.10798816426060953,Virginia,51.83,46.05,5.780000000000001
2024,Wokeness,VT,3730.9090898001405,9665.681997074986,4027.599258957518,17424.190345832645,17424.190345832645,9893,22375761.9755535,-0.34060537617429487,0.25907355982071034,-0.08824184729954673,0.943944169359675,Vermont,63.83,32.32,31.51
2024,Wokeness,WA,29776.99174837403,99165.23996416833,39268.199853310034,168210.4315658524,168210.4315658524,11763,217962445.96588948,-0.41250859158892067,0.2855857927529276,-0.11780659314631556,0.4999657854819334,Washington,57.23,39.01,18.22
2024,Wokeness,WI,61856.02742201592,119913.5401265969,46574.5310622362,228344.09861084903,228344.09861084903,12014,742217994.6489315,-0.25425449161059493,0.2084004250978955,-0.05298674413469729,1.4771320936260857,Wisconsin,48.74,49.6,-0.8599999999999994
2024,Wokeness,WV,4601.543311347863,50408.087846956,13287.195064561933,68296.8262228658,68296.8262228658,11104,75344126.451763,-0.6706979968019668,0.2958388048800467,-0.19841849380933527,-1.0942677157576601,West Virginia,28.1,69.97,-41.87
2024,Wokeness,WY,1344.1389347609859,15857.79958548369,4327.016050959215,21528.95457120389,21528.95457120389,10086,19991177.2369585,-0.6741460948659109,0.3228709607324215,-0.21766219732336684,-1.1155585717653382,Wyoming,25.84,71.6,-45.75999999999999
2024,Healthcare,AK,239.0554467597783,203.57934881489297,355.5056787320982,798.1404743067694,798.1404743067694,487,53282686.142049,0.0444484386983361,0.007390299584702611,0.0003284872780529927,-0.7485798929066099,Alaska,41.41,54.54,-13.130000000000004
2024,Healthcare,AL,782.7935717836084,1048.5594953807495,1353.7729671279126,3185.1260342922706,3185.1260342922706,647,105200200.1509245,-0.08343968833126372,0.006569601042670182,-0.0005481654634611452,-1.356290992528062,Alabama,34.1,64.57,-30.46999999999999
2024,Healthcare,AR,619.9217161870243,811.2988638688216,901.6967409992326,2332.9173210550784,2332.9173210550784,553,74573194.349278,-0.08203340339350115,0.007616528758164099,-0.0006248097760766779,-1.3496084725337631,Arkansas,33.56,64.2,-30.64
2024,Healthcare,AZ,10188.99838689442,2667.071021483879,3434.9232118010677,16290.992620179366,16290.992620179366,847,685068927.0665025,0.4617230846997783,0.019186335128295623,0.008858773839520372,1.2342658947011547,Arizona,46.69,52.22,-5.530000000000001
2024,Healthcare,CA,10976.200231322462,4560.765031923693,6333.464291580729,21870.429554826886,21870.429554826886,832,889035322.5054895,0.29333832622335754,0.011655016843254765,0.003418863132905393,0.43411900765264766,California,58.47,38.33,20.14
2024,Healthcare,CO,2659.683476486511,753.3749584054086,1319.6159998202493,4732.674434712169,4732.674434712169,769,168277224.961602,0.4027973071841017,0.011515607678270064,0.004638455763395747,0.9542567188547321,Colorado,54.13,43.14,10.990000000000002
2024,Healthcare,CT,1182.8181541763324,478.3461554072439,712.8901370983649,2374.054446681941,2374.054446681941,612,95729146.681632,0.29673792854821945,0.010741023243444923,0.003187268987748124,0.45027356488249365,Connecticut,56.4,41.89,14.509999999999998
2024,Healthcare,DC,466.01056641190496,129.3823755054031,141.04798160252852,736.4409235198366,736.4409235198366,397,67033596.753866,0.4571014186685601,0.018789927021998408,0.008588902298434184,1.2123042176389465,District of Columbia,90.28,6.47,83.81
2024,Healthcare,DE,323.9549919462214,179.7327862600365,233.3600788190901,737.047857025348,737.047857025348,509,34868520.5026595,0.1956754969321143,0.010045895833673865,0.0019657356593823904,-0.029964615739434805,Delaware,56.49,41.79,14.700000000000005
2024,Healthcare,FL,5153.223437353515,3383.5527670282318,5472.89361181585,14009.669816197595,14009.669816197595,815,545416265.155478,0.12631780002975077,0.007864062825397203,0.0009933711153999208,-0.35954518925108864,Florida,42.99,56.09,-13.1
2024,Healthcare,GA,13516.569499230387,3058.7203557564894,4075.1260987544792,20650.415953741358,20650.415953741358,845,753128974.491308,0.5064231716639677,0.020469276272862224,0.010366115811768887,1.446676066255976,Georgia,48.53,50.72,-2.1899999999999977
2024,Healthcare,HI,362.05054549431065,241.0756278630132,316.6380015414487,919.7641748987726,919.7641748987726,500,25868229.556088,0.13152819052189296,0.011441752260662201,0.0015049129712446775,-0.3347859546842705,Hawaii,60.59,37.48,23.110000000000007
2024,Healthcare,IA,1649.13434027225,779.0180760180428,1259.0873481679155,3687.2397644582084,3687.2397644582084,594,94911417.5076845,0.2359803863696017,0.00942193511727408,0.002223391889323656,0.16156003356993717,Iowa,42.52,55.73,-13.209999999999994
2024,Healthcare,ID,401.29028151651426,364.01551615167386,684.416787603031,1449.722585271219,1449.722585271219,514,53650678.0049265,0.025711653900919878,0.007165357477190811,0.00018423319152989853,-0.8376151486186033,Idaho,30.38,66.87,-36.49000000000001
2024,Healthcare,IL,3285.560806557723,1674.6392558605023,2960.360307725999,7920.560370144225,7920.560370144225,823,294507569.4020175,0.2033847954457151,0.00928270279340554,0.001887960608820154,0.006669170256399032,Illinois,54.37,43.47,10.9
2024,Healthcare,IN,1567.5297725750725,1194.8651488387031,1978.9822658690691,4741.377187282845,4741.377187282845,710,169740017.5101755,0.07859839220045967,0.007627763776804292,0.0005995299689417232,-0.5863028600277593,Indiana,39.62,58.58,-18.96
2024,Healthcare,KS,706.6424208496892,723.5632431758761,974.2902684291305,2404.495932454696,2404.495932454696,578,80192374.174137,-0.007037159887774408,0.008228260869931314,-5.79035873400244e-05,-0.9932341110749014,Kansas,41.04,57.16,-16.119999999999997
2024,Healthcare,KY,955.1317782841011,1029.7225693790201,1474.0757932848048,3458.930140947926,3458.930140947926,757,105625255.9847015,-0.021564700082227536,0.007256181854904657,-0.00015647738544312043,-1.0622674735255266,Kentucky,33.94,64.47,-30.53
2024,Healthcare,LA,615.5096218978852,826.3868791450611,1043.7538511571427,2485.650352200089,2485.650352200089,619,96725967.062774,-0.08483786026482974,0.005890386670815891,-0.0004997278012844942,-1.3629349603688814,Louisiana,38.21,60.22,-22.01
2024,Healthcare,MA,3029.5413935024835,1025.6056013280822,1788.9338055846488,5844.080800415215,5844.080800415215,683,175794774.593214,0.3429000831117913,0.013218775169220208,0.0045327191041616924,0.669631329847108,Massachusetts,61.22,36.02,25.2
2024,Healthcare,MD,1693.1648803317796,688.2742090054311,1196.9646722000866,3578.403761537297,3578.403761537297,736,178983129.627003,0.28082092974735845,0.009512729719285079,0.002671373604204964,0.37463763941690476,Maryland,62.62,34.08,28.54
2024,Healthcare,ME,1097.638459629863,385.4963480121951,816.993534772767,2300.128342414825,2300.128342414825,541,76407729.0346285,0.30960972850324286,0.013544354281234846,0.004193463851764855,0.5114390216489701,Maine,52.4,45.46,6.939999999999998
2024,Healthcare,MI,18519.810795869962,3722.229472296028,5613.4481268601485,27855.48839502614,27855.48839502614,831,1154558251.924026,0.5312267770618655,0.020660068324785143,0.010975181510053547,1.5645402234771097,Michigan,48.31,49.73,-1.4199999999999946
2024,Healthcare,MN,2430.435030979851,1746.329522947007,2478.983193105819,6655.747747032677,6655.747747032677,802,235849794.18834502,0.10278417001873874,0.010868326122611965,0.0011170918800056477,-0.4713745553091778,Minnesota,50.92,46.68,4.240000000000002
2024,Healthcare,MO,1444.9080440878192,1087.6618539972758,1898.5644617497737,4431.1343598348685,4431.1343598348685,673,162587549.720376,0.08062183655019133,0.007455515958835727,0.000601077389030597,-0.5766876625941959,Missouri,40.08,58.49,-18.410000000000004
2024,Healthcare,MS,283.58628888427114,603.6722475290674,692.3803523778861,1579.6388887912246,1579.6388887912246,528,55248394.313544,-0.2026323616847223,0.005598249313921314,-0.001134386479779752,-1.9226821992245666,Mississippi,38.0,60.89,-22.89
2024,Healthcare,MT,399.08365613587233,340.78780103086046,635.9097744530409,1375.7812316197737,1375.7812316197737,502,113991932.423041,0.04237291057995997,0.010442703393486904,0.0004424877371052651,-0.7584425870003444,Montana,38.46,58.39,-19.93
2024,Healthcare,NC,14361.897016955336,3772.3389141223606,4887.937875766453,23022.17380684415,23022.17380684415,833,878128884.0007385,0.45997212042960334,0.018398567128750473,0.008462827935077754,1.2259454943110575,North Carolina,47.65,50.86,-3.210000000000001
2024,Healthcare,ND,117.9183923046323,142.43745115630603,251.50991511242376,511.8657585733621,511.8657585733621,429,23974818.299602,-0.047901346087324916,0.0065341806430598785,-0.0003129960483803105,-1.1874164805196963,North Dakota,30.51,66.96,-36.44999999999999
2024,Healthcare,NE,1320.258503916405,408.43691996154166,797.0578695579685,2525.753293435915,2525.753293435915,594,85954554.5564525,0.361009757494749,0.012337434995337505,0.0044539344157740225,0.7556866219893289,Nebraska,38.86,59.32,-20.46
2024,Healthcare,NH,1843.8525149550665,319.336243154154,1080.2466438209617,3243.4354019301823,3243.4354019301823,601,88560599.464212,0.47003133495233673,0.020451423522171452,0.009612809899801868,1.2737458371648043,New Hampshire,50.65,47.87,2.780000000000001
2024,Healthcare,NJ,3203.51756749165,1155.9193310014207,1795.4739856103836,6154.910884103454,6154.910884103454,803,219749348.75352952,0.33267715407198617,0.011930155994139796,0.003968890343765274,0.6210530326085054,New Jersey,51.97,46.06,5.909999999999997
2024,Healthcare,NM,1430.016570753608,445.93564432439274,625.9688832620515,2501.921098340052,2501.921098340052,614,61087824.961274,0.3933301202352555,0.015188284195537199,0.005974009648797877,0.9092696295553978,New Mexico,51.85,45.85,6.0
2024,Healthcare,NV,10922.071708124335,1184.6213008684172,1759.8020602123418,13866.495069205093,13866.495069205093,836,431013894.0514775,0.702228671243751,0.03389352185571577,0.02380100281651032,2.3771234676321558,Nevada,47.49,50.59,-3.1000000000000014
2024,Healthcare,NY,6997.077516867016,2982.3112104866013,4248.883349056066,14228.272076409683,14228.272076409683,818,498962227.6018505,0.28216822709180917,0.011160969608620588,0.0031492710070900347,0.3810398564931131,New York,55.91,43.31,12.599999999999994
2024,Healthcare,OH,6006.776305639483,2112.255028159164,3634.7038546900876,11753.735188488736,11753.735188488736,838,456663270.9211685,0.3313432891779372,0.011401183245976856,0.003777705557242362,0.614714645141768,Ohio,43.93,55.14,-11.21
2024,Healthcare,OK,715.2786500532145,809.028841517573,1188.3594548646875,2712.666946435475,2712.666946435475,589,99647380.5699555,-0.03456015549109302,0.0067629618438481785,-0.0002337290129037222,-1.1240205281681623,Oklahoma,31.9,66.16,-34.26
2024,Healthcare,OR,1895.9742946858564,817.4209190246968,1236.7562647606544,3950.151478471208,3950.151478471208,665,128318512.461423,0.2730410166646527,0.01035022748940315,0.002826036636417072,0.3376683003213673,Oregon,55.27,40.97,14.300000000000004
2024,Healthcare,PA,24486.761620357553,5273.579805060968,6038.953901534118,35799.29532695263,35799.29532695263,840,1280461059.207439,0.5366916203188875,0.023346388394116343,0.01252981101583237,1.5905085911600227,Pennsylvania,48.66,50.37,-1.7100000000000009
2024,Healthcare,RI,341.73438866626714,224.13630619923165,265.5880609745536,831.4587558400524,831.4587558400524,498,26160101.0032255,0.1414358579316685,0.0112849548063022,0.0015960972647494575,-0.287705747974505,Rhode Island,55.54,41.76,13.78
2024,Healthcare,SC,923.3798243399119,952.9593916041331,1221.9574997957648,3098.2967157398098,3098.2967157398098,689,126458602.1498215,-0.009547041480550442,0.006628514590232036,-6.328270374737906e-05,-1.0051608077753116,South Carolina,40.36,58.23,-17.869999999999997
2024,Healthcare,SD,151.01241506626533,170.0777441419425,304.18055471495234,625.2707139231602,625.2707139231602,449,21073218.716295,-0.03049131944155011,0.006467867581908496,-0.00019721381654561821,-1.1046858417724905,South Dakota,34.24,63.43,-29.19
2024,Healthcare,TN,2034.5421994843364,1465.8626203919166,1993.7386239419357,5494.143443818189,5494.143443818189,682,169415504.8534315,0.1035065037721717,0.00739054235858861,0.0007649692005176468,-0.4679421003206797,Tennessee,34.47,64.19,-29.72
2024,Healthcare,TX,4817.911421427318,4309.712103247224,5615.427531871394,14743.051056545937,14743.051056545937,820,695565646.073181,0.03447043059343217,0.0070200685210607345,0.00024198478471636206,-0.7959943512953818,Texas,42.46,56.14,-13.68
2024,Healthcare,UT,553.5992081693363,555.0724478260381,813.6764192373739,1922.3480752327482,1922.3480752327482,550,62720620.7998665,-0.0007663750783132492,0.00841827727887123,-6.451557908857586e-06,-0.9634359928245254,Utah,37.79,59.38,-21.590000000000003
2024,Healthcare,VA,2655.721522059788,1282.2257595365832,2070.8536073066443,6008.800888903015,6008.800888903015,729,243001019.467697,0.2285806748996728,0.008981444849522003,0.0020529847252779296,0.12639737305782286,Virginia,51.83,46.05,5.780000000000001
2024,Healthcare,VT,719.2904924286161,133.68837010447697,490.426757550046,1343.405620083139,1343.405620083139,476,22375761.9755535,0.43590864409804847,0.019974579556939282,0.008707091891094,1.111598353557488,Vermont,63.83,32.32,31.51
2024,Healthcare,WA,3093.684332185543,1168.498221796148,2336.6504193969777,6598.832973378669,6598.832973378669,698,217962445.96588948,0.29174645246456066,0.011203424950543172,0.003268559484773916,0.4265545888525109,Washington,57.23,39.01,18.22
2024,Healthcare,WI,12031.060502872957,2394.876355572016,4972.4918287501005,19398.428687195075,19398.428687195075,856,742217994.6489315,0.49675075763542625,0.01770416143546699,0.008794555606368121,1.4007137591849028,Wisconsin,48.74,49.6,-0.8599999999999994
2024,Healthcare,WV,386.3808266362814,479.420408912583,593.9307142014368,1459.7319497503013,1459.7319497503013,532,75344126.451763,-0.06373744322868095,0.00632306622931722,-0.00040301607482229606,-1.262667969700222,West Virginia,28.1,69.97,-41.87
2024,Healthcare,WY,81.99551975940976,103.96089773707666,210.53561278860582,396.49203028509226,396.49203028509226,417,19991177.2369585,-0.05539929254535834,0.005946213612811647,-0.00032941602747334453,-1.22304594349447,Wyoming,25.84,71.6,-45.75999999999999
2024,Economy,AK,7092.315385638431,7886.055594879989,3388.9757386917327,18367.346719210153,18367.346719210153,5462,53282686.142049,-0.043214745241967736,0.17007055675126082,-0.007349555783165352,2.0034596024938818,Alaska,41.41,54.54,-13.130000000000004
2024,Economy,AL,17041.503750037962,28881.499465885867,11082.701966214538,57005.70518213837,57005.70518213837,6407,105200200.1509245,-0.2076984343587725,0.11757925311923789,-0.024421026785939527,-0.1870772727618074,Alabama,34.1,64.57,-30.46999999999999
2024,Economy,AR,10614.532138887584,16733.273225438777,7002.794322288667,34350.59968661503,34350.59968661503,6028,74573194.349278,-0.17812617952447005,0.11214813658932456,-0.019976519111444813,0.20675578780990844,Arkansas,33.56,64.2,-30.64
2024,Economy,AZ,31006.72237146532,65674.6787342354,14649.22827536802,111330.62938106873,111330.62938106873,6955,685068927.0665025,-0.311396392488779,0.13111704210726857,-0.04082937390600277,-1.5680908090717254,Arizona,46.69,52.22,-5.530000000000001
2024,Economy,CA,75870.82508328393,111295.92829826288,41776.616199848475,228943.3695813953,228943.3695813953,6903,889035322.5054895,-0.15473303847912664,0.12200669501865137,-0.01887846663503205,0.5182975483518464,California,58.47,38.33,20.14
2024,Economy,CO,15505.28918414718,21629.427437732767,7520.588650272262,44655.30527215221,44655.30527215221,6530,168277224.961602,-0.13714245633888214,0.108655894962013,-0.014901336330790032,0.7525628365535016,Colorado,54.13,43.14,10.990000000000002
2024,Economy,CT,8395.087880987267,13576.185747744106,4938.697619511737,26909.971248243113,26909.971248243113,6140,95729146.681632,-0.1925345002772941,0.12174978845231914,-0.023441034678533538,0.014870755992803327,Connecticut,56.4,41.89,14.509999999999998
2024,Economy,DC,1948.4158962109843,2574.199613770325,975.7485313338295,5498.364041315139,5498.364041315139,2758,67033596.753866,-0.11381271099133354,0.14028804725150348,-0.01596656297737391,1.063260315121356,District of Columbia,90.28,6.47,83.81
2024,Economy,DE,2623.5485415306075,4017.116881416023,1586.795257582021,8227.460680528651,8227.460680528651,5424,34868520.5026595,-0.1693801275992087,0.11213954722806528,-0.018994210818407187,0.32323268201174593,Delaware,56.49,41.79,14.700000000000005
2024,Economy,FL,58003.850051930785,91528.17285302196,38315.58655443231,187847.60945938507,187847.60945938507,6933,545416265.155478,-0.17846552797542806,0.10544469796720916,-0.01881824369492753,0.20223646252376085,Florida,42.99,56.09,-13.1
2024,Economy,GA,39282.65857757391,83043.28030201638,20349.358784890846,142675.29766448113,142675.29766448113,6909,753128974.491308,-0.3067147743216984,0.14142378980400158,-0.04337676577345366,-1.505742637736789,Georgia,48.53,50.72,-2.1899999999999977
2024,Economy,HI,2926.549137683778,4712.963017650492,2040.3547494828624,9679.866904817132,9679.866904817132,5384,25868229.556088,-0.1845494258890806,0.12041634373646928,-0.022222767104227593,0.12121321458527888,Hawaii,60.59,37.48,23.110000000000007
2024,Economy,IA,21763.963927811445,26632.8513893611,10164.638579045097,58561.45389621764,58561.45389621764,6221,94911417.5076845,-0.08314150584748595,0.14964099278324913,-0.012441377476512111,1.4717288157787012,Iowa,42.52,55.73,-13.209999999999994
2024,Economy,ID,6424.250750454759,10394.825031334974,3900.8487474010567,20719.92452919079,20719.92452919079,5770,53650678.0049265,-0.19163073085938911,0.10240970766437432,-0.019624847126820433,0.0269068444784122,Idaho,30.38,66.87,-36.49000000000001
2024,Economy,IL,30739.592217985803,47263.7568699579,18876.901264106527,96880.25035205024,96880.25035205024,6884,294507569.4020175,-0.17056277819189597,0.11354128098798004,-0.019365916324776574,0.3074825505079178,Illinois,54.37,43.47,10.9
2024,Economy,IN,23276.76650852332,36153.85725395085,13450.725039809502,72881.34880228368,72881.34880228368,6620,169740017.5101755,-0.17668568100133789,0.11724899547957754,-0.020716218613031946,0.22593984885946072,Indiana,39.62,58.58,-18.96
2024,Economy,KS,10905.348850689183,15815.116929493548,6183.143835210114,32903.609615392845,32903.609615392845,6142,80192374.174137,-0.1492167010305002,0.1125971892168854,-0.01680138112025065,0.5917622223414303,Kansas,41.04,57.16,-16.119999999999997
2024,Economy,KY,16670.321730245367,27149.00322606529,10878.5199674494,54697.84492376006,54697.84492376006,6432,105625255.9847015,-0.19157393697001246,0.11474574323996209,-0.02198229378302973,0.027663205851608353,Kentucky,33.94,64.47,-30.53
2024,Economy,LA,13510.446317092963,26620.11361608753,10277.965287880084,50408.525221060576,50408.525221060576,6243,96725967.062774,-0.26006845551429414,0.11945594230291005,-0.03106672241672245,-0.8845230992450992,Louisiana,38.21,60.22,-22.01
2024,Economy,MA,17532.218273352682,27821.742132604093,9621.75031419561,54975.71072015239,54975.71072015239,6438,175794774.593214,-0.18716490836524266,0.12435001920681035,-0.023273959950058824,0.08638112368689509,Massachusetts,61.22,36.02,25.2
2024,Economy,MD,14067.506074134166,20074.010578822454,8391.092575440165,42532.60922839679,42532.60922839679,6504,178983129.627003,-0.14122116215428562,0.1130675135641738,-0.015967525667428078,0.6982440433653426,Maryland,62.62,34.08,28.54
2024,Economy,ME,6281.172356204381,13809.626718791891,3511.7481763772585,23602.54725137353,23602.54725137353,5718,76407729.0346285,-0.3189678758994709,0.13898409754673363,-0.04433146237828649,-1.668925206090444,Maine,52.4,45.46,6.939999999999998
2024,Economy,MI,78546.48751533826,122134.96793966115,24183.826151321966,224865.28160632137,224865.28160632137,7081,1154558251.924026,-0.19384264263895834,0.16677977481407905,-0.03232903228869147,-0.0025506314815174737,Michigan,48.31,49.73,-1.4199999999999946
2024,Economy,MN,20136.29050381719,36027.75130024713,12928.48157813646,69092.52338220077,69092.52338220077,6681,235849794.18834502,-0.2300026112597273,0.11282279697074343,-0.02594953791289704,-0.4841165855113654,Minnesota,50.92,46.68,4.240000000000002
2024,Economy,MO,20642.548746506043,34454.36425416651,12394.221970357248,67491.1349710298,67491.1349710298,6521,162587549.720376,-0.20464636597960775,0.1135558511647569,-0.023238792276588708,-0.14643088182626274,Missouri,40.08,58.49,-18.410000000000004
2024,Economy,MS,9710.2199125408,16074.567927226828,6658.314038313692,32443.10187808132,32443.10187808132,5923,55248394.313544,-0.19616952899888418,0.11497853979109826,-0.02255528599579921,-0.033539299131884984,Mississippi,38.0,60.89,-22.89
2024,Economy,MT,5129.116718446671,7373.348608685828,2579.2741178695865,15081.739445002087,15081.739445002087,5608,113991932.423041,-0.14880457910197284,0.11447614494390444,-0.017034574565594138,0.5972507196288396,Montana,38.46,58.39,-19.93
2024,Economy,NC,57941.995292230706,98974.59026651912,23408.45044758192,180325.03600633173,180325.03600633173,6971,878128884.0007385,-0.22754796495838572,0.14410986155314887,-0.03279190572685373,-0.45142645515454727,North Carolina,47.65,50.86,-3.210000000000001
2024,Economy,ND,2552.393798688012,3972.064249063142,1756.9568215012546,8281.414869252409,8281.414869252409,5060,23974818.299602,-0.17142849051629372,0.10571572688635279,-0.018122687483960228,0.29595329322934405,North Dakota,30.51,66.96,-36.44999999999999
2024,Economy,NE,8922.55073805149,13603.723291760643,3965.687082399901,26491.961112212037,26491.961112212037,6186,85954554.5564525,-0.17670162408441958,0.12940410647799394,-0.02286591577785469,0.2257275243938359,Nebraska,38.86,59.32,-20.46
2024,Economy,NH,6236.694588538066,16043.978691853576,2787.52681708126,25068.2000974729,25068.2000974729,5513,88560599.464212,-0.39122410325359464,0.15806708431031483,-0.061839653313213255,-2.631208647907387,New Hampshire,50.65,47.87,2.780000000000001
2024,Economy,NJ,22066.924141230913,30658.30685693976,11898.477679575093,64623.708677745766,64623.708677745766,6631,219749348.75352952,-0.13294474878485935,0.1252611028758469,-0.01665280585434389,0.8084664537328105,New Jersey,51.97,46.06,5.909999999999997
2024,Economy,NM,6700.806514873782,10881.423541844844,3368.6234213250777,20950.853478043704,20950.853478043704,5826,61087824.961274,-0.19954399620771102,0.12718527253905315,-0.025379057541209515,-0.07847928616018615,New Mexico,51.85,45.85,6.0
2024,Economy,NV,17967.227531736105,36881.280011083014,8016.092698560014,62864.600241379136,62864.600241379136,6597,431013894.0514775,-0.3008696851124996,0.153658346366409,-0.04623113828616887,-1.4278997615181226,Nevada,47.49,50.59,-3.1000000000000014
2024,Economy,NY,49706.63443371256,77642.07175568113,28114.596655720467,155463.30284511414,155463.30284511414,7053,498962227.6018505,-0.17969152083305628,0.12194883461547726,-0.021913171555873967,0.1859091137279321,New York,55.91,43.31,12.599999999999994
2024,Economy,OH,38967.116051441124,58997.00470108991,22137.421096613994,120101.54184914503,120101.54184914503,6931,456663270.9211685,-0.1667746170553544,0.11649910983935664,-0.019429094430748375,0.357931970165037,Ohio,43.93,55.14,-11.21
2024,Economy,OK,24601.840398594348,22258.643986456445,8533.419469666334,55393.90385471712,55393.90385471712,6159,99647380.5699555,0.04230061882411209,0.13810278428891437,0.005841833236753942,3.142323640584847,Oklahoma,31.9,66.16,-34.26
2024,Economy,OR,15894.731301990612,21772.880581996746,7428.921384965429,45096.533268952786,45096.533268952786,6335,128318512.461423,-0.13034592359792346,0.11816239981200533,-0.015401987138042932,0.8430767086151877,Oregon,55.27,40.97,14.300000000000004
2024,Economy,PA,65403.07889917458,127174.63511384965,27868.425586153484,220446.13959917772,220446.13959917772,7110,1280461059.207439,-0.2802115579206336,0.14376319835522564,-0.04028410978277085,-1.1527819694106654,Pennsylvania,48.66,50.37,-1.7100000000000009
2024,Economy,RI,2660.0294320860185,4014.0913674555877,1620.792010566643,8294.91281010825,8294.91281010825,5313,26160101.0032255,-0.16324004439437845,0.11258251299514378,-0.01837797441935796,0.40500418622313006,Rhode Island,55.54,41.76,13.78
2024,Economy,SC,15859.053854428983,30986.14387815451,9805.297102313285,56650.49483489678,56650.49483489678,6531,126458602.1498215,-0.2670248524361913,0.1211984086770444,-0.032362987192488986,-0.9771659871700517,South Carolina,40.36,58.23,-17.869999999999997
2024,Economy,SD,3399.946897279873,5235.520792888201,2234.031543733326,10869.4992339014,10869.4992339014,5181,21073218.716295,-0.1688738235413154,0.11243527029345181,-0.01898737399535648,0.3299754643195972,South Dakota,34.24,63.43,-29.19
2024,Economy,TN,27929.814336940188,54664.87729920741,15054.144286125922,97648.83592227352,97648.83592227352,6686,169415504.8534315,-0.27378783074841556,0.1313540255237488,-0.03596313370821919,-1.0672329929566347,Tennessee,34.47,64.19,-29.72
2024,Economy,TX,87238.85631242071,112205.82953751931,44193.3745501771,243638.06040011713,243638.06040011713,7021,695565646.073181,-0.1024756689660734,0.11601098522871597,-0.011888303318725929,1.2142431192279703,Texas,42.46,56.14,-13.68
2024,Economy,UT,7065.415494541764,11492.776523769855,4564.701589507541,23122.893607819162,23122.893607819162,5845,62720620.7998665,-0.1914708904654973,0.1012589407653934,-0.01938813955594292,0.0290355435540193,Utah,37.79,59.38,-21.590000000000003
2024,Economy,VA,26204.40713688699,41190.958268435956,15438.357449164847,82833.7228544878,82833.7228544878,6818,243001019.467697,-0.18092330774358062,0.12381280845436589,-0.02240062284658624,0.16950460173984852,Virginia,51.83,46.05,5.780000000000001
2024,Economy,VT,2902.538051048986,6965.944449733504,1280.8782171880935,11149.360717970585,11149.360717970585,4989,22375761.9755535,-0.36445196289461723,0.16577554041819084,-0.06041722110532561,-2.274666543333022,Vermont,63.83,32.32,31.51
2024,Economy,WA,21434.248986279465,32352.732074451265,12209.16464169896,65996.1457024297,65996.1457024297,6596,217962445.96588948,-0.1654412234526876,0.11204751936973364,-0.018537278689367446,0.3756896449323962,Washington,57.23,39.01,18.22
2024,Economy,WI,38796.10493138356,74817.98527434735,15058.507250242534,128672.59745597343,128672.59745597343,6939,742217994.6489315,-0.2799498965215886,0.11743427647751437,-0.03287571354796777,-1.1492972534092378,Wisconsin,48.74,49.6,-0.8599999999999994
2024,Economy,WV,8651.61263614503,14679.538153380568,5003.33562269753,28334.48641222313,28334.48641222313,5868,75344126.451763,-0.21274165444675822,0.12273543385059332,-0.026110939256615878,-0.25424113339796994,West Virginia,28.1,69.97,-41.87
2024,Economy,WY,2129.9554371706436,3267.54659622152,1318.9201250140106,6716.422158406174,6716.422158406174,4928,19991177.2369585,-0.1693745765559248,0.10072656653145894,-0.017060519554198045,0.32330660888604457,Wyoming,25.84,71.6,-45.75999999999999
2024,Democratic concerns,AK,11207.858165920148,15982.784673431595,2255.4543840417164,29446.09722339346,29446.09722339346,7631,53282686.142049,-0.1621582130659409,0.272653106923526,-0.04421294060559589,-0.29816904205978756,Alaska,41.41,54.54,-13.130000000000004
2024,Democratic concerns,AL,42437.893209749825,77505.94839317599,13292.47245431148,133236.3140572373,133236.3140572373,8314,105200200.1509245,-0.26320193133203307,0.2748115516711257,-0.07233093115219308,-1.100641711172406,Alabama,34.1,64.57,-30.46999999999999
2024,Democratic concerns,AR,27664.347363459452,50193.56351724573,8206.19414268348,86064.10502338866,86064.10502338866,8052,74573194.349278,-0.2617725025742587,0.28098283854304623,-0.07355358082583209,-1.0892894219827232,Arkansas,33.56,64.2,-30.64
2024,Democratic concerns,AZ,122191.48497351316,122699.85154189476,15071.065934285616,259962.40244969353,259962.40244969353,8573,685068927.0665025,-0.001955538814809897,0.30616463284001927,-0.0005987168232406785,0.974134370872172,Arizona,46.69,52.22,-5.530000000000001
2024,Democratic concerns,CA,276951.1571473102,261448.44616373628,44336.64360738237,582736.2469184289,582736.2469184289,8572,889035322.5054895,0.026603306496813788,0.3105472051192694,0.008261582479516824,1.2009440451127888,California,58.47,38.33,20.14
2024,Democratic concerns,CO,55465.54592890054,61510.776324747334,8119.228003668753,125095.55025731663,125095.55025731663,8374,168277224.961602,-0.04832490351105211,0.30438419099668856,-0.014709336660204632,0.6058764673490714,Colorado,54.13,43.14,10.990000000000002
2024,Democratic concerns,CT,31883.39989907839,32035.115687130867,5390.354830419425,69308.87041662868,69308.87041662868,8105,95729146.681632,-0.0021889808207879217,0.3135767122621753,-0.0006864134089876344,0.972280412676306,Connecticut,56.4,41.89,14.509999999999998
2024,Democratic concerns,DC,7759.065051019496,4248.359378090116,722.544026358752,12729.968455468363,12729.968455468363,3022,67033596.753866,0.2757827472401395,0.3247988679490452,0.08957392410347499,3.179886371588791,District of Columbia,90.28,6.47,83.81
2024,Democratic concerns,DE,9068.931500751627,11304.58507936577,1772.7383363396464,22146.254916457045,22146.254916457045,7677,34868520.5026595,-0.10094950984027609,0.3018514576443085,-0.0304717566937658,0.18794045879083868,Delaware,56.49,41.79,14.700000000000005
2024,Democratic concerns,FL,249205.06494314445,284605.9332975817,42489.73645150391,576300.73469223,576300.73469223,8620,545416265.155478,-0.061427768911908216,0.3234955029919701,-0.019871607001832253,0.5018156553393768,Florida,42.99,56.09,-13.1
2024,Democratic concerns,GA,104400.25820683711,133810.52877424072,24026.87776008731,262237.6647411651,262237.6647411651,8601,753128974.491308,-0.11215120679339581,0.2599373891916502,-0.02915229188856817,0.09897841536238364,Georgia,48.53,50.72,-2.1899999999999977
2024,Democratic concerns,HI,10048.40310017047,11864.298512559879,2147.076563464622,24059.778176194974,24059.778176194974,7632,25868229.556088,-0.07547432063135467,0.2993006564631715,-0.022589513711076342,0.3902602410735575,Hawaii,60.59,37.48,23.110000000000007
2024,Democratic concerns,IA,35829.8512871197,61842.34108613975,7179.382923181885,104851.57529644134,104851.57529644134,8128,94911417.5076845,-0.24808868846725768,0.26792527811985334,-0.06646923085597967,-0.9806148104530035,Iowa,42.52,55.73,-13.209999999999994
2024,Democratic concerns,ID,17501.623632181767,34656.750140613236,4722.394411038248,56880.76818383326,56880.76818383326,7954,53650678.0049265,-0.3015980102973948,0.2811372615389979,-0.08479043870062006,-1.4055770846871831,Idaho,30.38,66.87,-36.49000000000001
2024,Democratic concerns,IL,111957.41446093148,133923.1207609354,20044.005427987173,265924.54064985405,265924.54064985405,8640,294507569.4020175,-0.08260127570898546,0.31165704962369173,-0.02574326988261552,0.3336591305648271,Illinois,54.37,43.47,10.9
2024,Democratic concerns,IN,64587.17573198421,99106.97106010777,15221.483193360134,178915.6299854521,178915.6299854521,8485,169740017.5101755,-0.19293895860820218,0.28783328294732,-0.055534253864635924,-0.5426246841960658,Indiana,39.62,58.58,-18.96
2024,Democratic concerns,KS,31509.11689193319,47998.962957805,7067.619600092432,86575.69944983063,86575.69944983063,8131,80192374.174137,-0.19046737330060426,0.2962647723603073,-0.056428772992969195,-0.5229957582938685,Kansas,41.04,57.16,-16.119999999999997
2024,Democratic concerns,KY,46004.286121519195,75952.8297766258,12713.215599047016,134670.331497192,134670.331497192,8313,105625255.9847015,-0.2223841236756075,0.2825129089008194,-0.06282638567295547,-0.7764733648421708,Kentucky,33.94,64.47,-30.53
2024,Democratic concerns,LA,36030.39859613825,69058.68881220628,13358.269450597878,118447.3568589424,118447.3568589424,8251,96725967.062774,-0.278843623799905,0.28069142203276554,-0.07826901328916484,-1.2248654721297867,Louisiana,38.21,60.22,-22.01
2024,Democratic concerns,MA,60658.59194449873,64298.64987733022,9931.836786080634,134889.07860790959,134889.07860790959,8329,175794774.593214,-0.02698556451269323,0.3051067334275295,-0.008233477438165692,0.775350004318648,Massachusetts,61.22,36.02,25.2
2024,Democratic concerns,MD,49463.87254457508,57293.793815589444,8690.130621909153,115447.79698207368,115447.79698207368,8359,178983129.627003,-0.06782218003025353,0.30690323467175235,-0.020814846433774736,0.4510322890342205,Maryland,62.62,34.08,28.54
2024,Democratic concerns,ME,20761.02580929629,25367.22724865157,3564.6624195910426,49692.9154775389,49692.9154775389,7879,76407729.0346285,-0.09269332248049064,0.2926177814011129,-0.027123714374939073,0.253509747223529,Maine,52.4,45.46,6.939999999999998
2024,Democratic concerns,MI,182437.71400928052,176296.56621255068,25693.27593075977,384427.55615259096,384427.55615259096,8645,1154558251.924026,0.01597478562200737,0.28512512376056126,0.0045548127275232865,1.116534072266538,Michigan,48.31,49.73,-1.4199999999999946
2024,Democratic concerns,MN,88714.29248859956,98951.47658533553,11971.643386881777,199637.41246081688,199637.41246081688,8468,235849794.18834502,-0.05127888590894877,0.3259925987828912,-0.01671653728014959,0.5824164227265123,Minnesota,50.92,46.68,4.240000000000002
2024,Democratic concerns,MO,64467.00913997007,97519.43148106482,14416.852324078194,176403.2929451131,176403.2929451131,8368,162587549.720376,-0.18736851103668928,0.2968038111560391,-0.055611688166321754,-0.4983851014929427,Missouri,40.08,58.49,-18.410000000000004
2024,Democratic concerns,MS,23404.71002879058,45018.350053078815,7801.719798562245,76224.77988043164,76224.77988043164,7989,55248394.313544,-0.2835513603081833,0.27014105862889304,-0.07659886464931531,-1.2622535447987706,Mississippi,38.0,60.89,-22.89
2024,Democratic concerns,MT,12800.278101892334,20058.68894340041,2568.045696953877,35427.012742246625,35427.012742246625,7852,113991932.423041,-0.2048835134454461,0.26890451598107507,-0.055094102015549776,-0.6374863833307238,Montana,38.46,58.39,-19.93
2024,Democratic concerns,NC,139113.615286297,165821.37622986073,24572.97069751926,329507.962213677,329507.962213677,8659,878128884.0007385,-0.08105346154350128,0.26333196913159557,-0.021343967633182248,0.3459516172822643,North Carolina,47.65,50.86,-3.210000000000001
2024,Democratic concerns,ND,7331.976647817218,12895.07103674816,1921.2029198410737,22148.250604406454,22148.250604406454,7346,23974818.299602,-0.251175340585326,0.28273168883245414,-0.07101522823675607,-1.0051284962744762,North Dakota,30.51,66.96,-36.44999999999999
2024,Democratic concerns,NE,21916.63750980179,30173.139743913445,4706.7065869103235,56796.48384062556,56796.48384062556,8176,85954554.5564525,-0.14536995383869028,0.27743126344466706,-0.040330169960360776,-0.16483943559807387,Nebraska,38.86,59.32,-20.46
2024,Democratic concerns,NH,18787.5786180627,23260.946421370325,2762.5966233013246,44811.121662734346,44811.121662734346,7799,88560599.464212,-0.09982717765861572,0.2825557207283203,-0.02820674013160424,0.19685383724625344,New Hampshire,50.65,47.87,2.780000000000001
2024,Democratic concerns,NJ,63020.8996019508,76416.05541425016,13460.146908637978,152897.10192483893,152897.10192483893,8476,219749348.75352952,-0.08760895820565748,0.29636274372816096,-0.025964031228994433,0.29388893595866267,New Jersey,51.97,46.06,5.909999999999997
2024,Democratic concerns,NM,19056.61044412176,24134.12614228072,3635.359932010015,46826.096518412494,46826.096518412494,7936,61087824.961274,-0.10843346073406795,0.2842647844335174,-0.0308238143409501,0.12850414595213863,New Mexico,51.85,45.85,6.0
2024,Democratic concerns,NV,48410.76235863303,51104.411045827066,7162.369205011887,106677.54260947199,106677.54260947199,8377,431013894.0514775,-0.025250381863922547,0.26074920907576254,-0.0065840170998787825,0.7891305408571988,Nevada,47.49,50.59,-3.1000000000000014
2024,Democratic concerns,NY,150736.09932851972,188755.87778018072,28626.564093391033,368118.5412020915,368118.5412020915,8681,498962227.6018505,-0.10328134607810671,0.28876028154804795,-0.02982355057217547,0.1694213971231189,New York,55.91,43.31,12.599999999999994
2024,Democratic concerns,OH,114385.46237110111,161719.40981428022,23406.478033483596,299511.350218865,299511.350218865,8586,456663270.9211685,-0.15803724102138467,0.2905275415290596,-0.04591417110397833,-0.265440956705438,Ohio,43.93,55.14,-11.21
2024,Democratic concerns,OK,35255.18356608468,64647.89114330298,10162.022365740182,110065.09707512784,110065.09707512784,8201,99647380.5699555,-0.2670483955250186,0.2744037755304441,-0.07327908798141244,-1.1311897001078748,Oklahoma,31.9,66.16,-34.26
2024,Democratic concerns,OR,54054.475657622694,56544.157291715965,7666.307622089145,118264.94057142781,118264.94057142781,8302,128318512.461423,-0.021051730310468402,0.3098790123888521,-0.006523489397684412,0.8224755441546956,Oregon,55.27,40.97,14.300000000000004
2024,Democratic concerns,PA,212358.4055354665,199682.98402178194,28803.57409792478,440844.9636551732,440844.9636551732,8704,1280461059.207439,0.02875256055686555,0.28749554004028155,0.00826623292483696,1.2180130690141953,Pennsylvania,48.66,50.37,-1.7100000000000009
2024,Democratic concerns,RI,9438.238522836671,11228.449999677607,1737.5921825907217,22404.280705104997,22404.280705104997,7654,26160101.0032255,-0.07990488516031766,0.30408158366120497,-0.02429760402181611,0.3550734228898711,Rhode Island,55.54,41.76,13.78
2024,Democratic concerns,SC,40794.64247656694,75131.07657317258,12145.297773483608,128071.01682322314,128071.01682322314,8397,126458602.1498215,-0.2681046418488294,0.27399590209870595,-0.07345957320022048,-1.1395782354988302,South Carolina,40.36,58.23,-17.869999999999997
2024,Democratic concerns,SD,9096.02965822698,15633.311711047121,2330.378115939007,27059.719485213107,27059.719485213107,7411,21073218.716295,-0.24158720700680084,0.279908651623584,-0.06762234936278129,-0.9289811090187422,South Dakota,34.24,63.43,-29.19
2024,Democratic concerns,TN,62991.51815911896,112626.82091149542,17858.866658755363,193477.20572936974,193477.20572936974,8511,169415504.8534315,-0.25654341329388886,0.26025921947362757,-0.06676778850496777,-1.0477608509458167,Tennessee,34.47,64.19,-29.72
2024,Democratic concerns,TX,222538.43943740928,316916.3386815096,50751.30084599035,590206.0789649092,590206.0789649092,8673,695565646.073181,-0.15990668786336165,0.2810332203279334,-0.04493909144221418,-0.2802877974867204,Texas,42.46,56.14,-13.68
2024,Democratic concerns,UT,21335.224956032205,39815.38507775674,5335.138065767576,66485.74809955653,66485.74809955653,8015,62720620.7998665,-0.2779567147842291,0.29115198740867343,-0.08092764992301411,-1.2178217859186835,Utah,37.79,59.38,-21.590000000000003
2024,Democratic concerns,VA,78558.04023548652,103952.51818832791,15469.351389333438,197979.90981314785,197979.90981314785,8563,243001019.467697,-0.12826795393940998,0.2959235418474236,-0.03795750723527239,-0.029018152080000914,Virginia,51.83,46.05,5.780000000000001
2024,Democratic concerns,VT,10032.039638414726,9240.417745448347,1258.552921035413,20531.01030489849,20531.01030489849,7292,22375761.9755535,0.03855737643741313,0.3052676664358122,0.011770320328936277,1.295881311640626,Vermont,63.83,32.32,31.51
2024,Democratic concerns,WA,77723.78799539535,91070.85503384224,13129.620578264594,181924.26360750216,181924.26360750216,8429,217962445.96588948,-0.07336606329347527,0.30886898368726506,-0.022660501406591267,0.407003675718837,Washington,57.23,39.01,18.22
2024,Democratic concerns,WI,280453.02152510214,178794.56957334236,14655.349040131292,473902.94013857585,473902.94013857585,8644,742217994.6489315,0.2145132332836623,0.43251204993186276,0.09277955826502868,2.69329392186907,Wisconsin,48.74,49.6,-0.8599999999999994
2024,Democratic concerns,WV,20936.20681379199,36195.62692682451,5854.709292659459,62986.54303327595,62986.54303327595,7965,75344126.451763,-0.2422647660623465,0.2728364500230812,-0.06609865873812286,-0.9343621721181158,West Virginia,28.1,69.97,-41.87
2024,Democratic concerns,WY,4744.405164775601,10928.04108347708,1583.2133471007116,17255.65959535339,17255.65959535339,7275,19991177.2369585,-0.35835407418251397,0.25878411202907886,-0.09273634087932453,-1.8563244528142895,Wyoming,25.84,71.6,-45.75999999999999
2024,National security and foreign policy,AK,5003.370986633436,1137.099836109441,1333.3600981787179,7473.830920921594,7473.830920921594,3741,53282686.142049,0.5173078159556822,0.0692031682756073,0.03579933983786796,0.31475987986458503,Alaska,41.41,54.54,-13.130000000000004
2024,National security and foreign policy,AL,27856.056531968712,4953.657976052402,7898.0933292569525,40707.807837278066,40707.807837278066,4049,105200200.1509245,0.5626045658725819,0.08396341429924696,0.04723820025100757,0.8086357263871173,Alabama,34.1,64.57,-30.46999999999999
2024,National security and foreign policy,AR,17210.17432215519,3269.6256937352905,4470.7197968289,24950.519812719383,24950.519812719383,3944,74573194.349278,0.55872778335116,0.08145867406855851,0.04551322439705032,0.7663667059151508,Arkansas,33.56,64.2,-30.64
2024,National security and foreign policy,AZ,28000.335248232637,8131.131827821838,6337.773904258414,42469.24098031289,42469.24098031289,4143,685068927.0665025,0.46784927071386556,0.050017154208474364,0.023400489119617684,-0.22449251559176,Arizona,46.69,52.22,-5.530000000000001
2024,National security and foreign policy,CA,68052.8810716948,23378.217872939713,25528.871244708615,116959.97018934313,116959.97018934313,4210,889035322.5054895,0.38196541198183076,0.06232938494079613,0.023807669197485313,-1.16089443210278,California,58.47,38.33,20.14
2024,National security and foreign policy,CO,14607.912659447971,4699.795564084464,4184.906344049455,23492.614567581888,23492.614567581888,4047,168277224.961602,0.4217545504294781,0.05716254866653178,0.024108565014256275,-0.7270687278461806,Colorado,54.13,43.14,10.990000000000002
2024,National security and foreign policy,CT,8953.23760184726,2595.399517177199,2998.2556149138886,14546.892733938348,14546.892733938348,3855,95729146.681632,0.43705815399580356,0.0658150503639502,0.028765004417208914,-0.560211719782024,Connecticut,56.4,41.89,14.509999999999998
2024,National security and foreign policy,DC,764.3560127241351,516.715225229276,496.69968333929194,1777.770921292703,1777.770921292703,1736,67033596.753866,0.13929848020845537,0.04535894843168774,0.006318432580387802,-3.8067208230131735,District of Columbia,90.28,6.47,83.81
2024,National security and foreign policy,DE,3247.6232718588453,834.1482582529296,945.4225298673804,5027.194059979155,5027.194059979155,3585,34868520.5026595,0.48008391655680843,0.06852020174923017,0.03289544681903309,-0.0910967182404705,Delaware,56.49,41.79,14.700000000000005
2024,National security and foreign policy,FL,82140.97094109662,33361.85216835309,24935.737879056673,140438.56098850636,140438.56098850636,4257,545416265.155478,0.34733422522561774,0.07883252647718317,0.027381234506530412,-1.5384823761977162,Florida,42.99,56.09,-13.1
2024,National security and foreign policy,GA,47422.87662512589,9368.126101026926,11503.828698744837,68294.83142489765,68294.83142489765,4216,753128974.491308,0.5572127455347328,0.06769576823906585,0.03772094488157285,0.7498480685852239,Georgia,48.53,50.72,-2.1899999999999977
2024,National security and foreign policy,HI,3614.9876631956013,1362.187893273759,1548.2791184779699,6525.45467494733,6525.45467494733,3694,25868229.556088,0.3452326132262999,0.08117584682741591,0.02802454973108664,-1.5613965015406863,Hawaii,60.59,37.48,23.110000000000007
2024,National security and foreign policy,IA,16146.951382817437,3786.3733430665548,4211.631362232245,24144.956088116236,24144.956088116236,3907,94911417.5076845,0.5119320985567898,0.06169715673618256,0.03158475492294112,0.25614779431949447,Iowa,42.52,55.73,-13.209999999999994
2024,National security and foreign policy,ID,11312.595004737484,2122.1161241786476,2371.3041910226334,15806.015319938766,15806.015319938766,3843,53650678.0049265,0.5814545092187372,0.07812236024185791,0.04542459863343888,1.0141588984483196,Idaho,30.38,66.87,-36.49000000000001
2024,National security and foreign policy,IL,37698.4175141656,9479.960165286913,11423.571345493398,58601.94902494592,58601.94902494592,4230,294507569.4020175,0.4815276252478657,0.06868004919997461,0.033071340993170356,-0.07535579083980898,Illinois,54.37,43.47,10.9
2024,National security and foreign policy,IN,31787.373638713743,6250.552159023255,8470.866390399808,46508.79218813681,46508.79218813681,4115,169740017.5101755,0.5490751378016707,0.07482173772361077,0.041082755951152045,0.6611227645577291,Indiana,39.62,58.58,-18.96
2024,National security and foreign policy,KS,15227.90247526347,3146.045679861218,3795.775123845291,22169.72327896998,22169.72327896998,3987,80192374.174137,0.5449710239217557,0.07586549184440804,0.041344494770774655,0.6163751232725053,Kansas,41.04,57.16,-16.119999999999997
2024,National security and foreign policy,KY,26376.255799366583,4855.81811917592,7284.039245688202,38516.11316423071,38516.11316423071,4031,105625255.9847015,0.5587385619215686,0.08079952762132205,0.045145811867079534,0.7664842259490293,Kentucky,33.94,64.47,-30.53
2024,National security and foreign policy,LA,25722.484361636452,3954.513022297693,6171.916056914479,35848.91344084863,35848.91344084863,4076,96725967.062774,0.607214257002693,0.0849532041818765,0.051584796757296214,1.2950204893206847,Louisiana,38.21,60.22,-22.01
2024,National security and foreign policy,MA,16580.42244616352,5777.533211533344,5618.303153961362,27976.258811658226,27976.258811658226,4113,175794774.593214,0.3861448847523677,0.06327973344943333,0.02443514537999198,-1.1153251438789313,Massachusetts,61.22,36.02,25.2
2024,National security and foreign policy,MD,14702.414075299714,4231.895586855419,4784.757779268719,23719.067441423853,23719.067441423853,4063,178983129.627003,0.4414388767308024,0.06305411373333311,0.02783453713969883,-0.5124481792830429,Maryland,62.62,34.08,28.54
2024,National security and foreign policy,ME,7220.074073838259,1672.6458657983715,1843.8973206111787,10736.61726024781,10736.61726024781,3757,76407729.0346285,0.5166830551536163,0.06322279729927825,0.032666148063948894,0.3079480386053239,Maine,52.4,45.46,6.939999999999998
2024,National security and foreign policy,MI,43253.13933517313,10698.09456949441,11961.874413207832,65913.10831787538,65913.10831787538,4191,1154558251.924026,0.4939085046433764,0.04888693036125068,0.024145670671330197,0.05963440831065873,Michigan,48.31,49.73,-1.4199999999999946
2024,National security and foreign policy,MN,25357.123229408982,6482.056510185552,8518.53767042813,40357.71741002266,40357.71741002266,4170,235849794.18834502,0.46769410983922227,0.06590106041381913,0.030821537787701945,-0.22618425304427514,Minnesota,50.92,46.68,4.240000000000002
2024,National security and foreign policy,MO,30870.93232722931,5801.493009452975,7804.959675486917,44477.38501216921,44477.38501216921,4103,162587549.720376,0.5636446322309018,0.0748345292282823,0.04218008070504785,0.8199756934729943,Missouri,40.08,58.49,-18.410000000000004
2024,National security and foreign policy,MS,17140.610836387605,2841.701993681186,4555.989846220291,24538.30267628908,24538.30267628908,3935,55248394.313544,0.582717925984473,0.086963885921705,0.05067541523984625,1.0279340815648406,Mississippi,38.0,60.89,-22.89
2024,National security and foreign policy,MT,6175.363106730877,1375.130791828649,1473.9163581316923,9024.410256691219,9024.410256691219,3714,113991932.423041,0.5319164552988999,0.06849871000261792,0.03643559101713982,0.4740396104282609,Montana,38.46,58.39,-19.93
2024,National security and foreign policy,NC,45709.66639696941,10904.584704276816,11689.616526760947,68303.86762800717,68303.86762800717,4202,878128884.0007385,0.5095623849918156,0.054586213458851576,0.027815081117764755,0.23031052575023434,North Carolina,47.65,50.86,-3.210000000000001
2024,National security and foreign policy,ND,4369.765868386949,743.9543544380654,1089.893758603284,6203.613981428298,6203.613981428298,3503,23974818.299602,0.5844676223896976,0.07919172891627353,0.04628500151262386,1.0470112293706555,North Dakota,30.51,66.96,-36.44999999999999
2024,National security and foreign policy,NE,9613.4436387011,1980.0681125339229,2408.1527933300263,14001.664544565048,14001.664544565048,3768,85954554.5564525,0.5451762897097961,0.0683933092729336,0.03728641059039254,0.6186131605492765,Nebraska,38.86,59.32,-20.46
2024,National security and foreign policy,NH,7105.3924725613,3316.8411549855505,1338.090319741926,11760.323947288776,11760.323947288776,3561,88560599.464212,0.3221468502531481,0.07415451088090307,0.02388864211234572,-1.8131033182968728,New Hampshire,50.65,47.87,2.780000000000001
2024,National security and foreign policy,NJ,21772.41651112414,5772.689619747417,7257.670741539952,34802.77687241151,34802.77687241151,4129,219749348.75352952,0.4597255831059808,0.06745874390959437,0.031012510379435303,-0.3130660468404521,New Jersey,51.97,46.06,5.909999999999997
2024,National security and foreign policy,NM,7372.880955657892,1824.7757452156452,1884.0731905154807,11081.729891389017,11081.729891389017,3872,61087824.961274,0.5006533514910307,0.06727328974533454,0.03368059797682893,0.1331742749161286,New Mexico,51.85,45.85,6.0
2024,National security and foreign policy,NV,11384.896987763466,5702.209310240313,4280.880634588443,21367.986932592223,21367.986932592223,3918,431013894.0514775,0.2659439888020264,0.0522292279698608,0.013890049218355145,-2.4258897947457143,Nevada,47.49,50.59,-3.1000000000000014
2024,National security and foreign policy,NY,57296.010238581344,14542.734305554499,17232.098329949036,89070.84287408488,89070.84287408488,4280,498962227.6018505,0.4799918194718902,0.06986912852054016,0.0335366101234894,-0.09210086370034795,New York,55.91,43.31,12.599999999999994
2024,National security and foreign policy,OH,47805.602774311985,10467.198349366625,13393.29667267161,71666.09779635022,71666.09779635022,4138,456663270.9211685,0.5210051275715881,0.06951648139057189,0.03621844325522284,0.3550721077289039,Ohio,43.93,55.14,-11.21
2024,National security and foreign policy,OK,21542.62251409577,3865.072932341063,5475.188097965812,30882.883544402644,30882.883544402644,3995,99647380.5699555,0.5724060564596685,0.07699425221118641,0.044071976278266325,0.915502542875291,Oklahoma,31.9,66.16,-34.26
2024,National security and foreign policy,OR,13155.621590509252,4426.927283271857,3875.1589965003295,21457.70787028144,21457.70787028144,4097,128318512.461423,0.40678596055110283,0.05622370662720095,0.022871014506089343,-0.8902730418641518,Oregon,55.27,40.97,14.300000000000004
2024,National security and foreign policy,PA,51401.34575865853,12932.673543949431,14478.05851256047,78812.07781516842,78812.07781516842,4271,1280461059.207439,0.48810630656035436,0.05139702784694079,0.025087213430549954,-0.003627646808108243,Pennsylvania,48.66,50.37,-1.7100000000000009
2024,National security and foreign policy,RI,3146.2697093338074,905.3723375666336,1000.086698004754,5051.728744905195,5051.728744905195,3769,26160101.0032255,0.4435902014784898,0.06856447199519249,0.030414527946613708,-0.4889920299377099,Rhode Island,55.54,41.76,13.78
2024,National security and foreign policy,SC,29865.013928719465,5764.57795409048,5978.219368524875,41607.81125133482,41607.81125133482,4037,126458602.1498215,0.5792286412051011,0.08901600112926518,0.051560617379616015,0.9898899950170864,South Carolina,40.36,58.23,-17.869999999999997
2024,National security and foreign policy,SD,5308.994943706288,1007.1822687173569,1294.2763739690579,7610.453586392703,7610.453586392703,3536,21073218.716295,0.5652504973790868,0.07872335124446225,0.044498413446280846,0.8374846319932175,South Dakota,34.24,63.43,-29.19
2024,National security and foreign policy,TN,41211.50007567125,9443.359098819377,9977.5854691552,60632.444643645824,60632.444643645824,4114,169415504.8534315,0.523946233135779,0.08156078468388679,0.04273346590672083,0.387139331158658,Tennessee,34.47,64.19,-29.72
2024,National security and foreign policy,TX,100172.34838531079,20629.72954722054,30774.926499332974,151577.0044318643,151577.0044318643,4212,695565646.073181,0.5247670590682877,0.07217508460410306,0.03787510688570001,0.3960888938316769,Texas,42.46,56.14,-13.68
2024,National security and foreign policy,UT,13254.114381033025,2541.817290208532,2807.16792707897,18603.09959832053,18603.09959832053,3913,62720620.7998665,0.575833991223247,0.08146602203982187,0.04691090462027163,0.9528777229112149,Utah,37.79,59.38,-21.590000000000003
2024,National security and foreign policy,VA,30110.382658231916,7334.054367557426,8868.015019363685,46312.45204515303,46312.45204515303,4176,243001019.467697,0.49179707151908864,0.06922391698114863,0.034044119650409405,0.03661320207519165,Virginia,51.83,46.05,5.780000000000001
2024,National security and foreign policy,VT,2290.5639136323352,722.7870499156136,677.5687511084227,3690.919714656371,3690.919714656371,3376,22375761.9755535,0.42476590793649477,0.05487886039520718,0.023310668962290323,-0.6942355391364327,Vermont,63.83,32.32,31.51
2024,National security and foreign policy,WA,24837.184266806755,7564.911436715225,6946.966492343947,39349.062195865925,39349.062195865925,4135,217962445.96588948,0.43895005029894163,0.06680639848956849,0.029324671977287223,-0.5395841495930077,Washington,57.23,39.01,18.22
2024,National security and foreign policy,WI,26179.430532055383,7592.1838475479835,7097.980162316046,40869.59454191941,40869.59454191941,4180,742217994.6489315,0.4547940074483172,0.037300026267068,0.016963828423927352,-0.36683560220781886,Wisconsin,48.74,49.6,-0.8599999999999994
2024,National security and foreign policy,WV,12278.466140758756,2209.977402955181,3369.436110785453,17857.87965449939,17857.87965449939,3838,75344126.451763,0.5638121060619179,0.07735430863857672,0.04361329566647955,0.8218016805518729,West Virginia,28.1,69.97,-41.87
2024,National security and foreign policy,WY,3937.5704554801987,570.0350419081864,819.156133433894,5326.761630822279,5326.761630822279,3336,19991177.2369585,0.6321918732173819,0.07988574826743275,0.05050312084056053,1.567354406760135,Wyoming,25.84,71.6,-45.75999999999999
2024,Guns control,AK,926.0683823342777,4170.087924168138,691.5937772451945,5787.75008374761,5787.75008374761,2166,53282686.142049,-0.5604975154237022,0.05359107627943995,-0.030037665103508193,-0.38752320620543496,Alaska,41.41,54.54,-13.130000000000004
2024,Guns control,AL,3021.4648612397523,22307.33759398401,3468.3840789901774,28797.18653421394,28797.18653421394,2388,105200200.1509245,-0.6697137829708022,0.05939671606218761,-0.039778799410050275,-1.0905561418760545,Alabama,34.1,64.57,-30.46999999999999
2024,Guns control,AR,2382.5220294799688,13842.864671467607,2072.6293294623356,18298.01603040991,18298.01603040991,2359,74573194.349278,-0.626316133013624,0.05973952186609635,-0.0374158263232563,-0.8112023612000818,Arkansas,33.56,64.2,-30.64
2024,Guns control,AZ,13726.153320597887,26454.784232611695,4548.192228362327,44729.12978157191,44729.12978157191,2608,685068927.0665025,-0.2845713961834759,0.05267868533211687,-0.01499084703407049,1.3886329836588702,Arizona,46.69,52.22,-5.530000000000001
2024,Guns control,CA,32815.76056458613,54947.29737469836,14070.269382016519,101833.32732130101,101833.32732130101,2615,889035322.5054895,-0.21733097986952313,0.054268213715651166,-0.011794164062591162,1.8214643588615294,California,58.47,38.33,20.14
2024,Guns control,CO,5089.086367036489,16333.607687374546,3227.968392349676,24650.66244676071,24650.66244676071,2513,168277224.961602,-0.45615493476588803,0.059980326486080246,-0.0273603219154946,0.28413745793213285,Colorado,54.13,43.14,10.990000000000002
2024,Guns control,CT,2973.6627282167738,7825.860960697037,1492.166483218465,12291.690172132276,12291.690172132276,2334,95729146.681632,-0.3947543555467391,0.05561175314433895,-0.021952981773317864,0.6793773835384433,Connecticut,56.4,41.89,14.509999999999998
2024,Guns control,DC,962.9256447880415,545.4425112658183,300.8584399914197,1809.2265960452796,1809.2265960452796,880,67033596.753866,0.2307522642187462,0.04616152446209585,0.010651876289417658,4.7058082903215395,District of Columbia,90.28,6.47,83.81
2024,Guns control,DE,901.5114787772507,2963.961976055521,503.4840514140316,4368.957506246803,4368.957506246803,2179,34868520.5026595,-0.4720692509206938,0.059548496873241,-0.028111014312404155,0.18169586514762887,Delaware,56.49,41.79,14.700000000000005
2024,Guns control,FL,19422.191147900347,70706.07336350348,16942.24898616349,107070.51349756733,107070.51349756733,2641,545416265.155478,-0.47897297342062645,0.060102004967947265,-0.028787236028038964,0.13725610900882976,Florida,42.99,56.09,-13.1
2024,Guns control,GA,9650.892383765347,39237.21540161452,6026.423665780469,54914.531451160336,54914.531451160336,2672,753128974.491308,-0.5387703807354258,0.054432836519446956,-0.029326800056091628,-0.24766408423880562,Georgia,48.53,50.72,-2.1899999999999977
2024,Guns control,HI,1151.6166040693083,2384.0996543421124,604.6003841590139,4140.316642570435,4140.316642570435,2144,25868229.556088,-0.2976784523194441,0.051505025524832306,-0.015331936284905546,1.3042619246561857,Hawaii,60.59,37.48,23.110000000000007
2024,Guns control,IA,3307.592467167661,13468.053466207335,2002.3616895142839,18778.00762288928,18778.00762288928,2315,94911417.5076845,-0.5410830159987088,0.047983093250389075,-0.025962836812867807,-0.2625506830468088,Iowa,42.52,55.73,-13.209999999999994
2024,Guns control,ID,1403.2995525817755,10048.417072575181,1407.2913322930285,12859.007957449985,12859.007957449985,2256,53650678.0049265,-0.67230050316477,0.0635565657549114,-0.042729111136451725,-1.107207045011335,Idaho,30.38,66.87,-36.49000000000001
2024,Guns control,IL,9411.17806140253,33664.65854389473,6087.742595414098,49163.579200711356,49163.579200711356,2553,294507569.4020175,-0.4933221070719211,0.05761851089482293,-0.02842448520098049,0.044889708089211354,Illinois,54.37,43.47,10.9
2024,Guns control,IN,5196.702921114715,26186.24339037663,4084.8195447879057,35467.76585627925,35467.76585627925,2565,169740017.5101755,-0.5917920106474905,0.05705931609244991,-0.03376724739652164,-0.5889681131010314,Indiana,39.62,58.58,-18.96
2024,Guns control,KS,2799.429652971026,11928.585139429346,1908.217326314969,16636.232118715343,16636.232118715343,2308,80192374.174137,-0.5487513892156054,0.056929710679849165,-0.031240257823209716,-0.31191255061079454,Kansas,41.04,57.16,-16.119999999999997
2024,Guns control,KY,3764.238610985473,19946.924090429326,3224.9368441107026,26936.099545525503,26936.099545525503,2394,105625255.9847015,-0.6007805789436222,0.056506847146263396,-0.033948216342810894,-0.6468281709351825,Kentucky,33.94,64.47,-30.53
2024,Guns control,LA,2627.6615234212645,19372.35827667162,2888.386632709369,24888.406432802258,24888.406432802258,2367,96725967.062774,-0.6727910361983357,0.05897946884599711,-0.039680857959325855,-1.1103646412776824,Louisiana,38.21,60.22,-22.01
2024,Guns control,MA,5703.316357966383,14190.91754106828,3031.001795135776,22925.23569417044,22925.23569417044,2399,175794774.593214,-0.3702296149243156,0.05185478207643709,-0.019198176000143605,0.8372448952523676,Massachusetts,61.22,36.02,25.2
2024,Guns control,MD,3781.4839538622687,12930.858855917795,2648.546827714865,19360.88963749493,19360.88963749493,2493,178983129.627003,-0.47256996312486327,0.05146845423817524,-0.024322445521428187,0.17847274483112874,Maryland,62.62,34.08,28.54
2024,Guns control,ME,2014.1583880284334,8625.412934822223,1013.2814360643374,11652.852758914994,11652.852758914994,2276,76407729.0346285,-0.5673507323548614,0.06861806936742884,-0.038930511908387436,-0.4316378543811079,Maine,52.4,45.46,6.939999999999998
2024,Guns control,MI,19094.856836973675,42610.088085699754,6747.106616368825,68452.05153904225,68452.05153904225,2666,1154558251.924026,-0.34352850966510406,0.050770032882311626,-0.01744095373170884,1.0091218219925924,Michigan,48.31,49.73,-1.4199999999999946
2024,Guns control,MN,8324.05843643528,22961.413504173233,4411.302132669177,35696.77407327769,35696.77407327769,2433,235849794.18834502,-0.41004699858005816,0.05829009705581871,-0.023901679344678746,0.5809375451577677,Minnesota,50.92,46.68,4.240000000000002
2024,Guns control,MO,4900.08146973683,26069.18789626984,3938.20151748611,34907.47088349278,34907.47088349278,2527,162587549.720376,-0.606434837321416,0.058732862766132085,-0.03561765407700036,-0.6832250370400075,Missouri,40.08,58.49,-18.410000000000004
2024,Guns control,MS,1742.662290199987,12755.220965414526,1917.8362243808926,16415.719479995405,16415.719479995405,2306,55248394.313544,-0.6708544629210258,0.05817740432228308,-0.03902857133076458,-1.0978987804048843,Mississippi,38.0,60.89,-22.89
2024,Guns control,MT,1317.3597890869685,7978.632969899072,1816.233452519131,11112.22621150517,11112.22621150517,2345,113991932.423041,-0.5994544256051302,0.08434602806105858,-0.05056159980341606,-0.6382916269234821,Montana,38.46,58.39,-19.93
2024,Guns control,NC,15962.099126740854,48737.025507473605,7166.903186001035,71866.02782021549,71866.02782021549,2675,878128884.0007385,-0.45605590533992696,0.05743297519254259,-0.026192647497800578,0.28477491743898853,North Carolina,47.65,50.86,-3.210000000000001
2024,Guns control,ND,578.9277320231681,3856.2567598947808,586.8044744799489,5021.988966397898,5021.988966397898,2007,23974818.299602,-0.6525958240450555,0.06410779104536321,-0.04183647672495703,-0.9803666143767111,North Dakota,30.51,66.96,-36.44999999999999
2024,Guns control,NE,1660.0123820604365,8626.18269928437,1272.9930925450462,11559.188173889854,11559.188173889854,2310,85954554.5564525,-0.6026522115938273,0.0564626533655784,-0.03402734292322148,-0.6588760043406154,Nebraska,38.86,59.32,-20.46
2024,Guns control,NH,1624.661060663949,5364.73908423049,796.0344523049381,7785.434597199377,7785.434597199377,2210,88560599.464212,-0.4803942511972221,0.04909091765994055,-0.023582994629831627,0.12810724217676597,New Hampshire,50.65,47.87,2.780000000000001
2024,Guns control,NJ,5720.915642075253,19527.202173660145,5838.877754046208,31086.995569781608,31086.995569781608,2496,219749348.75352952,-0.44411775015677024,0.06025638933205285,-0.026760932062721725,0.36162167729815153,New Jersey,51.97,46.06,5.909999999999997
2024,Guns control,NM,2332.4696025860185,7303.344500497489,978.2480529807549,10614.062156064261,10614.062156064261,2306,61087824.961274,-0.4683291679304328,0.06443424319110534,-0.03017643549991752,0.20577104720016523,New Mexico,51.85,45.85,6.0
2024,Guns control,NV,3922.654866462351,13065.625526934567,1990.6244197685237,18978.90481316544,18978.90481316544,2567,431013894.0514775,-0.4817438493147321,0.046389655199253435,-0.022347931064071524,0.11941978244354093,Nevada,47.49,50.59,-3.1000000000000014
2024,Guns control,NY,18887.72467534492,44457.328562889,8449.564437500203,71794.61767573413,71794.61767573413,2559,498962227.6018505,-0.35614931474433287,0.056317277434548466,-0.020057359766580917,0.9278807958647728,New York,55.91,43.31,12.599999999999994
2024,Guns control,OH,9183.538864354354,50073.22680640499,6916.78901863441,66173.55468939376,66173.55468939376,2684,456663270.9211685,-0.6179158446902113,0.06418868648583663,-0.03966320642945089,-0.7571291036797075,Ohio,43.93,55.14,-11.21
2024,Guns control,OK,2825.0748166402946,18267.008706953828,2606.09162549782,23698.17514909194,23698.17514909194,2352,99647380.5699555,-0.6516085645060831,0.059082024246559006,-0.03849835300741391,-0.9740115540222337,Oklahoma,31.9,66.16,-34.26
2024,Guns control,OR,4429.880139371524,11736.050894524458,2976.567029251216,19142.4980631472,19142.4980631472,2350,128318512.461423,-0.38167279584155456,0.05015737010311131,-0.019143703679314096,0.7635843201902588,Oregon,55.27,40.97,14.300000000000004
2024,Guns control,PA,21319.4976911436,59720.58706121256,9682.779740315706,90722.86449267186,90722.86449267186,2767,1280461059.207439,-0.42327906625094286,0.05916460677029198,-0.0250431395088334,0.4957617779521856,Pennsylvania,48.66,50.37,-1.7100000000000009
2024,Guns control,RI,1002.1029141504981,2655.6846576368325,514.4711471022637,4172.258718889594,4172.258718889594,2133,26160101.0032255,-0.3963277099763408,0.056627885330642766,-0.022443200113896472,0.6692495884000841,Rhode Island,55.54,41.76,13.78
2024,Guns control,SC,3129.5706080037426,19093.822919673214,3122.1333260815168,25345.52685375847,25345.52685375847,2405,126458602.1498215,-0.6298646859377534,0.05422437227970278,-0.03415401721612681,-0.8340446505005961,South Carolina,40.36,58.23,-17.869999999999997
2024,Guns control,SD,765.6128857711118,4518.060989314283,669.5487698589394,5953.222644944334,5953.222644944334,2054,21073218.716295,-0.6303221511007772,0.061580775967464974,-0.03881572717426757,-0.8369893865161258,South Dakota,34.24,63.43,-29.19
2024,Guns control,TN,5678.207737645991,34208.62224477456,4852.181330169879,44739.01131259043,44739.01131259043,2500,169415504.8534315,-0.6377077559400502,0.06018145714034915,-0.03837818198217437,-0.8845310537830288,Tennessee,34.47,64.19,-29.72
2024,Guns control,TX,20469.62036112683,87148.8403505819,19355.290132190214,126973.75084389895,126973.75084389895,2690,695565646.073181,-0.5251417678558639,0.06045997045533507,-0.03175005576942796,-0.15993572712657547,Texas,42.46,56.14,-13.68
2024,Guns control,UT,1930.5974663531902,9901.136533333058,1537.7136756703303,13369.44767535658,13369.44767535658,2266,62720620.7998665,-0.5961756431921772,0.058547002515600806,-0.03490429688171233,-0.6171858697228942,Utah,37.79,59.38,-21.590000000000003
2024,Guns control,VA,6315.297601241766,26363.808716362408,4955.153189613726,37634.259507217896,37634.259507217896,2532,243001019.467697,-0.5327196915160647,0.05625249238012025,-0.02996681038774744,-0.20871536441660932,Virginia,51.83,46.05,5.780000000000001
2024,Guns control,VT,842.9509167396773,1984.824008660954,407.95562689531874,3235.73055229595,3235.73055229595,2035,22375761.9755535,-0.3528949872266241,0.04811082846121684,-0.01697807019528342,0.9488291351533481,Vermont,63.83,32.32,31.51
2024,Guns control,WA,6728.398346762893,21434.69285667136,4101.8800073250995,32264.971210759355,32264.971210759355,2428,217962445.96588948,-0.4557975401200538,0.05477910790430236,-0.024968182632752012,0.28643803286201175,Washington,57.23,39.01,18.22
2024,Guns control,WI,9578.711254994423,30034.173596507513,4181.567310548912,43794.452162050846,43794.452162050846,2628,742217994.6489315,-0.46707884975527425,0.03996942554252293,-0.01866887330778069,0.2138194348345893,Wisconsin,48.74,49.6,-0.8599999999999994
2024,Guns control,WV,1658.327358117706,10781.55126784748,1450.5797277354109,13890.458353700596,13890.458353700596,2352,75344126.451763,-0.6567979023744188,0.060168778343890866,-0.039518727404698875,-1.007415693512621,West Virginia,28.1,69.97,-41.87
2024,Guns control,WY,603.8532778886467,4271.155480965767,437.0664913194255,5312.075250173839,5312.075250173839,1985,19991177.2369585,-0.6903709059763616,0.07966549577844352,-0.05499874049562007,-1.2235275220126682,Wyoming,25.84,71.6,-45.75999999999999
