year,topic,state_abbr,likes_pro,likes_anti,likes_neutral,likes,likes_total,n_posts,impressions,stance_bias,share_in_state,weighted_stance_bias,stance_bias_z,state,democrat_pct,republican_pct,dem_minus_rep
2020,Abortion,AK,464.0104647890745,500.2773077945344,1232.2337857157859,2196.5215582993947,2196.5215582993947,772,29184844.7567595,-0.016511034398195786,0.11712626589735953,-0.0019338758051635292,-0.18668816436642402,Alaska,42.77,52.83,-10.059999999999995
2020,Abortion,AL,3063.3732840800753,5100.822915171512,8482.483791635063,16646.679990886652,16646.679990886652,957,79885426.9061845,-0.12239375252043373,0.11387541444610738,-0.01393763929387869,-0.9554405909431143,Alabama,36.57,62.03,-25.46
2020,Abortion,AR,1754.9725584301136,3065.296732646798,4486.341329833151,9306.610620910062,9306.610620910062,881,40384409.7305345,-0.14079499267678097,0.12975113626263424,-0.018268310279901598,-1.0890412225955934,Arkansas,34.78,62.4,-27.62
2020,Abortion,AZ,6182.124965892989,5576.803437759457,17440.827045953076,29199.755449605524,29199.755449605524,1020,419823979.29828846,0.020730362936711173,0.0744303790898501,0.001542968772049591,0.08369981847006436,Arizona,49.36,49.06,0.2999999999999971
2020,Abortion,CA,16612.788273860566,12213.009883499468,37869.93115391584,66695.72931127588,66695.72931127588,1072,603322860.2306296,0.06596791782314691,0.10247001688918891,0.006759733653482491,0.41214321988704955,California,63.48,34.32,29.16
2020,Abortion,CO,4029.2181043072756,5466.438714030064,7360.551399900338,16856.208218237676,16856.208218237676,944,155549719.0106645,-0.08526357714113778,0.10564535941322925,-0.009007701251933098,-0.6858601256107182,Colorado,55.4,41.9,13.5
2020,Abortion,CT,1973.2780977648429,919.3012642646762,3126.8699577959387,6019.449319825458,6019.449319825458,875,42048411.348555,0.17509522507795253,0.11000721298509612,0.019261737717823666,1.2044527085900274,Connecticut,59.26,39.19,20.07
2020,Abortion,DC,1040.2513551717966,54.317774382278564,1296.5003592449057,2391.0694887989807,2391.0694887989807,458,24754718.1437095,0.412339994888541,0.0790105823902832,0.03257922313895002,2.926948085729514,District of Columbia,92.15,5.4,86.75
2020,Abortion,DE,611.0047248339961,349.67093983396535,1976.3075456739884,2936.98321034195,2936.98321034195,797,20561432.3202525,0.08898034693552229,0.11458021913745314,0.01019538765079875,0.5792229948994283,Delaware,58.74,39.77,18.97
2020,Abortion,FL,20669.795276894278,11071.711770526159,33796.82487161021,65538.33191903065,65538.33191903065,1058,605381467.080447,0.14644992060869164,0.08967791033797147,0.013133322849349288,0.9964759234139067,Florida,47.86,51.22,-3.3599999999999994
2020,Abortion,GA,9449.072563283993,5549.897296988759,20819.454911719593,35818.424771992344,35818.424771992344,1034,320611852.040047,0.10885948477958006,0.06847818828960901,0.00745450029584591,0.7235537764177988,Georgia,49.47,49.24,0.2299999999999968
2020,Abortion,HI,585.9951297771681,394.9531010812867,1259.2353544060616,2240.1835852645163,2240.1835852645163,776,14521988.6366795,0.08527963063050636,0.10814519712923651,0.009222582465644587,0.55235426041654,Hawaii,63.73,34.27,29.459999999999997
2020,Abortion,IA,3641.0231985890478,2760.4506418521787,6535.681929779055,12937.15577022028,12937.15577022028,941,159581429.634451,0.06806539028955941,0.0724469046693062,0.004931126841586831,0.4273717394871121,Iowa,44.89,53.09,-8.200000000000003
2020,Abortion,ID,740.9239511084627,1290.688227760185,2563.455377901657,4595.067556770305,4595.067556770305,812,23862800.5868735,-0.11964226202544244,0.12892008981753658,-0.015424291166293286,-0.9354636293365439,Idaho,33.07,63.84,-30.770000000000003
2020,Abortion,IL,7705.9450401954755,12785.061873462286,37136.36658196324,57627.373495620996,57627.373495620996,1012,198642234.6607125,-0.08813722585591661,0.10288854815927491,-0.009068311207101366,-0.7067240065328613,Illinois,57.54,40.55,16.990000000000002
2020,Abortion,IN,4146.260425916457,5012.545239211256,9879.994208511718,19038.79987363943,19038.79987363943,975,112128740.7448325,-0.04550101997207456,0.13253148354310146,-0.006030317679623331,-0.3971674772474364,Indiana,40.96,57.03,-16.07
2020,Abortion,KS,1833.041908601442,4297.222651237795,4177.339774582595,10307.60433442183,10307.60433442183,887,44804084.3254595,-0.23906435120014458,0.1385482423288433,-0.03312194566226533,-1.8025175024145215,Kansas,41.51,56.14,-14.630000000000004
2020,Abortion,KY,5323.07840267822,5176.963304016932,9876.453487638324,20376.495194333475,20376.495194333475,965,260934950.10509148,0.007170766967909265,0.10359288962302711,0.0007428404710190733,-0.014748469307945444,Kentucky,36.15,62.09,-25.940000000000005
2020,Abortion,LA,3009.265150277069,4198.465446026985,6815.680509051199,14023.411105355253,14023.411105355253,903,67028953.39024901,-0.08480107206553936,0.12886393222772988,-0.010927799603492501,-0.6825021470333279,Louisiana,39.85,58.46,-18.61
2020,Abortion,MA,3748.7981742110514,1538.6598464712695,5975.325503749289,11262.78352443161,11262.78352443161,926,92065162.049713,0.1962337572186729,0.10416062761462283,0.020439831311072493,1.3579272147760864,Massachusetts,65.6,32.14,33.459999999999994
2020,Abortion,MD,3154.3536005315063,1741.5130383871256,7634.408079277831,12530.274718196462,12530.274718196462,978,81577150.0001055,0.11275415694539036,0.10761207018407505,0.01213370825075356,0.7518307108532262,Maryland,65.36,32.15,33.21
2020,Abortion,ME,1873.1293694278168,821.2709002570671,4172.512521945462,6866.912791630346,6866.912791630346,880,41346730.8305375,0.15317778179050048,0.07618098325899951,0.011669234030232798,1.0453229845860208,Maine,53.09,44.02,9.07
2020,Abortion,MI,9786.926121434768,8074.281211841075,19833.609473717108,37694.81680699295,37694.81680699295,1018,507971649.067863,0.04543449351041738,0.09463111942135063,0.004299516981232887,0.2630620473758163,Michigan,50.62,47.84,2.779999999999994
2020,Abortion,MN,2849.6047263746095,3158.4594562011416,6779.606685995201,12787.670868570953,12787.670868570953,941,151354646.563435,-0.02415253981752247,0.0844446201744973,-0.0020395520511401074,-0.24216866144834157,Minnesota,52.4,45.28,7.119999999999997
2020,Abortion,MO,3725.6232240834265,6761.234779641628,9252.784498397905,19739.64250212296,19739.64250212296,955,96598261.252976,-0.15378249911221684,0.12100772032870441,-0.01860886964402037,-1.1833359032052782,Missouri,41.41,56.8,-15.39
2020,Abortion,MS,2229.858563622318,3974.1809897657563,4474.305310047963,10678.344863436037,10678.344863436037,893,40226197.8130675,-0.16335138529906562,0.12790671831201986,-0.020893739625325806,-1.252809983642879,Mississippi,41.06,57.6,-16.54
2020,Abortion,MT,1021.6384035288911,862.458831520367,2870.648932050404,4754.746167099662,4754.746167099662,812,32915658.8546995,0.03347803782039153,0.09357231244238329,0.0031326174148876003,0.17625322259335538,Montana,40.55,56.92,-16.370000000000005
2020,Abortion,NC,12907.876959740744,9478.5790472154,25851.57129090569,48238.02729786183,48238.02729786183,1058,377950358.3499785,0.07109117235143132,0.06833066838960417,0.00485770732337385,0.4493401715750651,North Carolina,48.59,49.93,-1.3399999999999963
2020,Abortion,ND,208.7738477974759,603.2573728189464,1020.4029813313321,1832.4342019477544,1832.4342019477544,730,12207385.9356065,-0.2152784119627111,0.1270534907767011,-0.027351873728727178,-1.6298217232405046,North Dakota,31.78,65.12,-33.34
2020,Abortion,NE,986.0874750383626,1225.827834935451,2909.088194079621,5121.003504053435,5121.003504053435,834,38506381.887191005,-0.04681511342597721,0.10152272019916704,-0.004752797661437752,-0.4067083404718764,Nebraska,39.17,58.22,-19.05
2020,Abortion,NH,1763.3806127817522,466.512302325413,1618.989254644892,3848.882169752057,3848.882169752057,829,54204029.528416,0.33694674278373216,0.08674745647115947,0.029229272902730773,2.379561821654119,New Hampshire,52.71,45.36,7.350000000000001
2020,Abortion,NJ,5353.887778199609,2874.1220361182664,9402.619316377695,17630.629130695568,17630.629130695568,972,113963671.5496905,0.1406510070456862,0.10362673843006652,0.014575205117048767,0.9543734070436489,New Jersey,57.33,41.4,15.93
2020,Abortion,NM,1416.000291100968,1897.1156673388616,2839.5637474673963,6152.679705907226,6152.679705907226,866,36873064.1449205,-0.07819607053101947,0.1108201974292266,-0.008665703974437305,-0.6345470978312192,New Mexico,54.29,43.5,10.79
2020,Abortion,NV,1484.9200896302432,958.0604831478643,3580.7181798029205,6023.698752581028,6023.698752581028,861,126298998.041248,0.08746446794946887,0.08401070642476852,0.007347951739501405,0.5682170850626612,Nevada,50.06,47.67,2.390000000000001
2020,Abortion,NY,11467.991148808069,6135.399896216461,19999.86846857905,37603.25951360358,37603.25951360358,1108,352832648.85840946,0.14181194187866766,0.09827890708513684,0.013937122659456406,0.9628022751892662,New York,60.87,37.74,23.129999999999995
2020,Abortion,OH,8008.498060372627,7358.328571780232,20363.230432560158,35730.057064713015,35730.057064713015,1011,215597443.0196725,0.018196710053242606,0.11096500776744345,0.002019198072399982,0.06530444822634926,Ohio,45.24,53.27,-8.030000000000001
2020,Abortion,OK,2374.521743606739,3730.768230401665,6066.324732577369,12171.614706585773,12171.614706585773,905,53389349.9609,-0.11142699793652626,0.12515051281421385,-0.01394514593310461,-0.8758174064653893,Oklahoma,32.29,65.37,-33.080000000000005
2020,Abortion,OR,2571.61979846153,1763.5290472873335,5224.795364808343,9559.944210557205,9559.944210557205,940,82126906.0746825,0.08452881453866734,0.10081779721945974,0.008522008883360684,0.5469030243437399,Oregon,56.45,40.37,16.080000000000005
2020,Abortion,PA,12371.75051696569,16867.093634086566,20649.23611431885,49888.08026537111,49888.08026537111,1072,450067018.8726115,-0.09010856086681764,0.09269365752231028,-0.008352492080817044,-0.7210367159164284,Pennsylvania,49.85,48.69,1.1600000000000037
2020,Abortion,RI,589.0230092550117,279.1766363514606,1000.5260226203504,1868.7256682268228,1868.7256682268228,741,13978190.0961785,0.16580623800044175,0.11469415475588798,0.01901700632071426,1.137010811716621,Rhode Island,59.39,38.61,20.78
2020,Abortion,SC,2913.601055275353,3215.96810736053,7591.131109851114,13720.700272486996,13720.700272486996,977,158560966.52086198,-0.022037290085804837,0.10483269140387175,-0.0023102284309427807,-0.22681107153271113,South Carolina,43.43,55.11,-11.68
2020,Abortion,SD,593.5882793756389,790.1314794163515,1294.4951392191729,2678.2148980111633,2678.2148980111633,767,10582715.602634,-0.07338589602599296,0.11898027871880168,-0.008731474363201644,-0.5996232368973939,South Dakota,35.61,61.77,-26.160000000000004
2020,Abortion,TN,4138.04578650097,5536.748053111649,9878.991045867377,19553.784885479996,19553.784885479996,956,97018198.2075255,-0.0715310245460105,0.12454571901538335,-0.008908882883989912,-0.5861561010275137,Tennessee,37.45,60.66,-23.209999999999997
2020,Abortion,TX,12526.916612092737,25582.13368598534,41867.73362397555,79976.78392205363,79976.78392205363,1069,460591772.8974285,-0.16323758512990946,0.1266182146255166,-0.02066885158892991,-1.2519837472396669,Texas,46.48,52.06,-5.580000000000005
2020,Abortion,UT,949.5639653585067,1223.164906107747,3443.991391440405,5616.720262906659,5616.720262906659,826,39096435.8719675,-0.04871186883849747,0.1094853180941793,-0.0053332344547448365,-0.4204795710546997,Utah,37.65,58.13,-20.480000000000004
2020,Abortion,VA,4679.514142403029,5524.5259904664545,12910.182503568789,23114.222636438273,23114.222636438273,1023,179737984.648323,-0.036558090719923754,0.10536637517434796,-0.0038519935024533348,-0.33223810364222,Virginia,54.11,44.0,10.11
2020,Abortion,VT,477.84321907514806,158.73160274340867,666.8738787750749,1303.4487005936317,1303.4487005936317,666,13709557.873512499,0.24482100153723416,0.11120873991754747,0.02722623508630776,1.7106907500628117,Vermont,66.09,30.67,35.42
2020,Abortion,WA,4756.167982085095,2655.77337323561,13233.105537364205,20645.04689268491,20645.04689268491,1001,144095878.081123,0.10173842761256749,0.09184555486680485,0.009344222335352521,0.6718519493962039,Washington,57.97,38.77,19.2
2020,Abortion,WI,6043.611087743133,7545.764322730922,13613.981699360713,27203.357109834767,27203.357109834767,1011,284568151.1364035,-0.05521940652114289,0.11717935196366175,-0.006470574271965522,-0.4677269922891781,Wisconsin,49.45,48.82,0.6300000000000026
2020,Abortion,WV,1128.66212018794,2475.5704362932006,2929.37909635664,6533.611652837781,6533.611652837781,866,38558229.6389615,-0.2061506541363306,0.13247251901602383,-0.027309296450240807,-1.5635504175668675,West Virginia,29.69,68.62,-38.93000000000001
2020,Abortion,WY,259.3230763981073,498.19197772575683,928.0675631802943,1685.5826173041582,1685.5826173041582,736,9877252.3547785,-0.14171295958763816,0.12072626649871626,-0.017108476525499013,-1.0957060429057772,Wyoming,26.55,69.94,-43.39
2020,Immigration,AK,34.48884873554811,559.9834365177353,289.0199017019232,883.4921869552065,883.4921869552065,254,29184844.7567595,-0.5947925692395851,0.04711091517247492,-0.02802122227466451,0.16998979852913362,Alaska,42.77,52.83,-10.059999999999995
2020,Immigration,AL,1295.4110272324174,10239.998306155543,911.6734306528458,12447.082764040806,12447.082764040806,397,79885426.9061845,-0.7186091270127752,0.08514711096603778,-0.061187491078964304,-0.7389770938519302,Alabama,36.57,62.03,-25.46
2020,Immigration,AR,174.06718300954054,2572.770170599111,465.7480279740572,3212.585381582709,3212.585381582709,314,40384409.7305345,-0.7466581281671113,0.04478930306426893,-0.0334422971878765,-0.944891503622174,Arkansas,34.78,62.4,-27.62
2020,Immigration,AZ,2705.77085051241,12422.811917922001,1118.0621143651724,16246.644882799585,16246.644882799585,440,419823979.29828846,-0.5980952459727287,0.041412810448084855,-0.0247688050513693,0.1457440606354675,Arizona,49.36,49.06,0.2999999999999971
2020,Immigration,CA,2921.508616227898,14361.632080529424,5182.003394169675,22465.144090926995,22465.144090926995,478,603322860.2306296,-0.5092388198356516,0.034515008954646285,-0.01757638242668102,0.7980602854319789,California,63.48,34.32,29.16
2020,Immigration,CO,2648.992314997713,8177.785137229177,894.3547160995851,11721.132168326476,11721.132168326476,390,155549719.0106645,-0.47169443555731666,0.07346155224358498,-0.03465140542070215,1.0736825682477587,Colorado,55.4,41.9,13.5
2020,Immigration,CT,211.3890943299446,1422.83531548267,354.515577940884,1988.7399877534986,1988.7399877534986,318,42048411.348555,-0.6091526436903337,0.03634481026100246,-0.022139537254913216,0.06456906577246843,Connecticut,59.26,39.19,20.07
2020,Immigration,DC,112.09558368255291,179.27922842940936,167.72509650029022,459.09990861225253,459.09990861225253,210,24754718.1437095,-0.14633774367312832,0.015170513163546723,-0.0022200186667169193,3.4622036712095623,District of Columbia,92.15,5.4,86.75
2020,Immigration,DE,143.25467759093868,552.1028337271262,132.76002033378703,828.1175316518518,828.1175316518518,296,20561432.3202525,-0.49370788627147555,0.032307262742979216,-0.01595035040005346,0.912076574299142,Delaware,58.74,39.77,18.97
2020,Immigration,FL,3490.751845112204,17619.97663977387,3343.6921401937634,24454.420625079838,24454.420625079838,499,605381467.080447,-0.5777779409000223,0.0334616593979279,-0.01933340866603266,0.2948982447416479,Florida,47.86,51.22,-3.3599999999999994
2020,Immigration,GA,2257.739335024046,11368.595054040386,2388.103783969573,16014.438173034005,16014.438173034005,424,320611852.040047,-0.5689151015211825,0.030616637095186416,-0.01741826720124518,0.3599624632334407,Georgia,49.47,49.24,0.2299999999999968
2020,Immigration,HI,68.58145192507212,446.27519171431965,189.76886992898972,704.6255135683815,704.6255135683815,269,14521988.6366795,-0.5360205279489835,0.03401590189678333,-0.01823322169337463,0.6014493762430372,Hawaii,63.73,34.27,29.459999999999997
2020,Immigration,IA,1649.9800657700525,11433.631979490812,454.03495077691537,13537.64699603778,13537.64699603778,344,159581429.634451,-0.7226995885314674,0.07580960133650529,-0.05478756769262695,-0.7690061478162704,Iowa,44.89,53.09,-8.200000000000003
2020,Immigration,ID,90.15736176665402,1396.1473931722946,220.6885951810894,1706.993350120038,1706.993350120038,282,23862800.5868735,-0.7650820850085922,0.04789173027307757,-0.0366411048519953,-1.080146166623231,Idaho,33.07,63.84,-30.770000000000003
2020,Immigration,IL,855.6907505633436,15636.032298103964,1695.6665924297517,18187.38964109706,18187.38964109706,415,198642234.6607125,-0.8126697585090651,0.03247196603748924,-0.026388984798000944,-1.4294986318775642,Illinois,57.54,40.55,16.990000000000002
2020,Immigration,IN,355.5680662999779,5121.402100444669,976.6992885121382,6453.669455256784,6453.669455256784,349,112128740.7448325,-0.7384688768438116,0.04492480581122262,-0.03317557088983991,-0.8847722557595181,Indiana,40.96,57.03,-16.07
2020,Immigration,KS,183.57377299669872,2240.982181264019,397.9978059067263,2822.5537601674437,2822.5537601674437,298,44804084.3254595,-0.7289173504157694,0.03793896716077257,-0.02765437142034123,-0.8146522213235989,Kansas,41.51,56.14,-14.630000000000004
2020,Immigration,KY,240.58147978679332,4003.557356969457,1392.6328894824267,5636.771726238677,5636.771726238677,338,260934950.10509148,-0.6675764178397259,0.028657012194561748,-0.019130745546834874,-0.3643337997637026,Kentucky,36.15,62.09,-25.940000000000005
2020,Immigration,LA,311.8857685144801,3723.243461650073,595.1631125278308,4630.292342692384,4630.292342692384,332,67028953.39024901,-0.736747799200943,0.042548683352471146,-0.03134764881883092,-0.8721374141460849,Louisiana,39.85,58.46,-18.61
2020,Immigration,MA,491.2115800579223,2317.1366525439366,722.3438523450654,3530.6920849469243,3530.6920849469243,366,92065162.049713,-0.517157834372142,0.03265259451043318,-0.016886545063647316,0.7399249102979045,Massachusetts,65.6,32.14,33.459999999999994
2020,Immigration,MD,410.895368429282,2501.922510570367,1173.5822777938242,4086.4001567934733,4086.4001567934733,362,81577150.0001055,-0.5117039599425519,0.035094679914277976,-0.017958086685052378,0.7799631037419681,Maryland,65.36,32.15,33.21
2020,Immigration,ME,198.0880920666381,1506.0924944186418,396.55978101727595,2100.7403675025557,2100.7403675025557,288,41346730.8305375,-0.6226397238736415,0.023305446220793016,-0.014510896599666567,-0.0344428077765636,Maine,53.09,44.02,9.07
2020,Immigration,MI,4075.3814568356474,17312.67699612254,1787.8801001980496,23175.938553156237,23175.938553156237,422,507971649.067863,-0.5711654571799061,0.05818213735207083,-0.033231627080399624,0.34344206542356875,Michigan,50.62,47.84,2.779999999999994
2020,Immigration,MN,517.5343274733946,3106.4025582129616,1485.8591618771766,5109.796047563533,5109.796047563533,364,151354646.563435,-0.50664805535125,0.03374303192821153,-0.01709584150808351,0.8170797056503272,Minnesota,52.4,45.28,7.119999999999997
2020,Immigration,MO,304.01618518411436,4700.456680048074,886.5284237560224,5891.001288988211,5891.001288988211,350,96598261.252976,-0.7462976630275115,0.03611294562995537,-0.026951006928675282,-0.9422452430279011,Missouri,41.41,56.8,-15.39
2020,Immigration,MS,179.0935717586898,2620.080754928213,555.0927311834438,3354.267057870347,3354.267057870347,332,40226197.8130675,-0.7277259505745279,0.040177883108399384,-0.02923848817713221,-0.8059058708293432,Mississippi,41.06,57.6,-16.54
2020,Immigration,MT,730.0167138461366,5229.805472859636,293.1869190443414,6253.009105750114,6253.009105750114,294,32915658.8546995,-0.7196197355407021,0.12305778293633425,-0.08855480921286998,-0.7463962121795956,Montana,40.55,56.92,-16.370000000000005
2020,Immigration,NC,1603.997654602531,7283.965239676962,1326.3838376777553,10214.346731957246,10214.346731957246,427,377950358.3499785,-0.5560774207227299,0.014468940345509211,-0.008045851027921807,0.4542069409560818,North Carolina,48.59,49.93,-1.3399999999999963
2020,Immigration,ND,27.696904423941323,559.9637088548031,115.29167789747132,702.9522911762158,702.9522911762158,230,12207385.9356065,-0.7571876656668204,0.04873983597800401,-0.03690520262916857,-1.0221913506818283,North Dakota,31.78,65.12,-33.34
2020,Immigration,NE,188.9712829902856,1303.5692117732117,561.2036573639112,2053.7441521274086,2053.7441521274086,292,38506381.887191005,-0.5427150833896955,0.04071500688333269,-0.022096648355899928,0.5523030474784816,Nebraska,39.17,58.22,-19.05
2020,Immigration,NH,98.08997254958425,817.143261445552,1374.9284940653527,2290.1617280604887,2290.1617280604887,269,54204029.528416,-0.31397489534720574,0.051616468380906694,-0.016206275258087533,2.231539343713671,New Hampshire,52.71,45.36,7.350000000000001
2020,Immigration,NJ,550.7620004251401,3723.5069014235555,950.7153589450181,5224.9842607937135,5224.9842607937135,353,113963671.5496905,-0.607225733636268,0.030710649817470424,-0.018648296865859997,0.07871497222667959,New Jersey,57.33,41.4,15.93
2020,Immigration,NM,167.0126447598077,1603.6334325899966,524.984526416143,2295.6306037659474,2295.6306037659474,304,36873064.1449205,-0.6258066021046392,0.041348200929371276,-0.025875977126749723,-0.05769161646540055,New Mexico,54.29,43.5,10.79
2020,Immigration,NV,621.9582793731968,1948.2389504282282,343.7842189114875,2913.981448712913,2913.981448712913,318,126298998.041248,-0.4551438279199894,0.04064041879752836,-0.01849723577977855,1.1951845277730548,Nevada,50.06,47.67,2.390000000000001
2020,Immigration,NY,1434.8350582208527,8642.337419789099,3625.762617917248,13702.9350959272,13702.9350959272,481,352832648.85840946,-0.5259823761195853,0.035813636969398786,-0.0188373418706486,0.6751418438557414,New York,60.87,37.74,23.129999999999995
2020,Immigration,OH,681.8464045456063,8307.046568707638,1880.3499235211966,10869.24289677444,10869.24289677444,394,215597443.0196725,-0.7015392181938346,0.033756050830883066,-0.023681193509209046,-0.6136628204507659,Ohio,45.24,53.27,-8.030000000000001
2020,Immigration,OK,185.49173185522625,3789.609342496281,597.611300367807,4572.7123747193145,4572.7123747193145,318,53389349.9609,-0.7881793813594684,0.04701736889012582,-0.037058120724969286,-1.2497089299890076,Oklahoma,32.29,65.37,-33.080000000000005
2020,Immigration,OR,251.12080129598746,2483.9020449428676,599.3429338818214,3334.3657801206764,3334.3657801206764,359,82126906.0746825,-0.6696269668308772,0.03516374213821052,-0.023546589990433013,-0.3793873691544479,Oregon,56.45,40.37,16.080000000000005
2020,Immigration,PA,2141.219974678918,10251.536229891382,1880.2457568185966,14273.001961388896,14273.001961388896,448,450067018.8726115,-0.5682277825752681,0.026519696660739077,-0.015069228428100507,0.36500823560491075,Pennsylvania,49.85,48.69,1.1600000000000037
2020,Immigration,RI,60.97723276370828,441.5892930422462,113.6204055444953,616.1869313504498,616.1869313504498,275,13978190.0961785,-0.617689277252894,0.03781884118385537,-0.023360292677397605,0.0018996020084186148,Rhode Island,59.39,38.61,20.78
2020,Immigration,SC,236.3070851873208,3585.8711469197856,507.17563987135253,4329.353871978459,4329.353871978459,337,158560966.52086198,-0.7736868273606281,0.03307832759450035,-0.025592266330984492,-1.1433156332611039,South Carolina,43.43,55.11,-11.68
2020,Immigration,SD,102.44183405523125,781.8721531288085,172.92210662260567,1057.2360938066454,1057.2360938066454,252,10582715.602634,-0.6426476763834703,0.04696794316471893,-0.030183839539317518,-0.18132596090929348,South Dakota,35.61,61.77,-26.160000000000004
2020,Immigration,TN,1241.0693388895943,10954.857935279271,809.79585798415,13005.723132153016,13005.723132153016,363,97018198.2075255,-0.7468856977567859,0.08283854753929593,-0.06187092638004572,-0.946562146276494,Tennessee,37.45,60.66,-23.209999999999997
2020,Immigration,TX,4725.706562258305,23181.11470404582,9061.310793433826,36968.13205973795,36968.13205973795,497,460591772.8974285,-0.4992247948033957,0.058527470722082864,-0.029218364561593567,0.8715756324703757,Texas,46.48,52.06,-5.580000000000005
2020,Immigration,UT,126.26987237185163,1768.1251414210265,312.6313889956084,2207.0264027884864,2207.0264027884864,291,39096435.8719675,-0.7439218973433026,0.0430210116297482,-0.03200427259723057,-0.9248041802989826,Utah,37.65,58.13,-20.480000000000004
2020,Immigration,VA,806.3056908598833,5019.63158138764,1246.8183730500655,7072.75564529759,7072.75564529759,379,179737984.648323,-0.5957120678033093,0.032241215141023134,-0.019206480940150258,0.163239540186883,Virginia,54.11,44.0,10.11
2020,Immigration,VT,28.379130760433412,283.59543632910095,73.32072513736117,385.2952922268955,385.2952922268955,226,13709557.873512499,-0.66239144551596,0.03287294998660235,-0.021774760859999385,-0.32626968083666347,Vermont,66.09,30.67,35.42
2020,Immigration,WA,1765.993885788607,4577.569729681208,1256.4602729773837,7600.023888447198,7600.023888447198,387,144095878.081123,-0.36994302717475386,0.03381093851052161,-0.012508120944201827,1.8206639343613071,Washington,57.97,38.77,19.2
2020,Immigration,WI,1008.2770963477203,3461.2390316249853,1089.1965413907628,5558.712669363468,5558.712669363468,398,284568151.1364035,-0.44128237618695904,0.02394433693305892,-0.010566213898041403,1.296944752191044,Wisconsin,49.45,48.82,0.6300000000000026
2020,Immigration,WV,73.31803148171753,1891.2002572618596,287.68884726620485,2252.207136009782,2252.207136009782,282,38558229.6389615,-0.8071558768794552,0.045664720908763216,-0.03685854784756837,-1.3890199112608557,West Virginia,29.69,68.62,-38.93000000000001
2020,Immigration,WY,32.817441825242746,770.2543959162466,77.97438321558619,881.0462209570755,881.0462209570755,228,9877252.3547785,-0.8370014382332067,0.0631030599016657,-0.05281735189461039,-1.6081232981017552,Wyoming,26.55,69.94,-43.39
2020,Wokeness,AK,631.8423076481408,3528.3565466247355,1239.3454005424837,5399.54425481536,5399.54425481536,1751,29184844.7567595,-0.5364367995305268,0.2879227175005315,-0.15445234108811712,-0.6460643574972555,Alaska,42.77,52.83,-10.059999999999995
2020,Wokeness,AL,4030.5662511426867,24839.094026896513,7852.864175413267,36722.52445345247,36722.52445345247,2302,79885426.9061845,-0.5666420837197513,0.2512088112424559,-0.14234548425118693,-0.7697769019659796,Alabama,36.57,62.03,-25.46
2020,Wokeness,AR,1962.7992154158394,16154.901024812398,4433.439528346388,22551.139768574627,22551.139768574627,2114,40384409.7305345,-0.6293296904298149,0.3144040433383802,-0.19786379926402492,-1.0265281142430434,Arkansas,34.78,62.4,-27.62
2020,Wokeness,AZ,37634.71646367005,73484.60236639032,18718.0376943973,129837.35652445766,129837.35652445766,2452,419823979.29828846,-0.27611380008316155,0.3309563219739212,-0.09138160772176573,0.4201471187335409,Arizona,49.36,49.06,0.2999999999999971
2020,Wokeness,CA,27394.583174623724,87427.59870663643,35151.45708606245,149973.6389673226,149973.6389673226,2555,603322860.2306296,-0.40029045067775654,0.23041657204453897,-0.09223355346733227,-0.08844632181887027,California,63.48,34.32,29.16
2020,Wokeness,CO,8715.881797906777,17942.345581519337,10147.694341150604,36805.92172057672,36805.92172057672,2210,155549719.0106645,-0.2506787862468993,0.23067909332648479,-0.05782635512761842,0.5243219465738873,Colorado,55.4,41.9,13.5
2020,Wokeness,CT,2334.489394520796,8028.5390426514095,3221.023514603061,13584.051951775265,13584.051951775265,2044,42048411.348555,-0.4191716630902956,0.24825255880763572,-0.10406043794181807,-0.16577857982963756,Connecticut,59.26,39.19,20.07
2020,Wokeness,DC,1646.894929567887,1152.8172681723627,1828.7792744950032,4628.491472235252,4628.491472235252,1096,24754718.1437095,0.10674701776147331,0.15294403133112427,0.016326319229014855,1.9882398291419208,District of Columbia,92.15,5.4,86.75
2020,Wokeness,DE,1262.5046766515031,4162.897570177138,2152.1162719333474,7577.518518761988,7577.518518761988,1842,20561432.3202525,-0.38276289082557063,0.29562093829496916,-0.11315272493035003,-0.016658252749309172,Delaware,58.74,39.77,18.97
2020,Wokeness,FL,61016.38596668908,116914.22686806225,41856.97546510385,219787.58829985518,219787.58829985518,2565,605381467.080447,-0.2543266493516095,0.30074142963089506,-0.07648656011923839,0.5093813016281177,Florida,47.86,51.22,-3.3599999999999994
2020,Wokeness,GA,75546.36323981843,50886.532304202956,41728.33855913566,168161.23410315704,168161.23410315704,2564,320611852.040047,0.14664396980155434,0.32149310655708335,0.04714502540936482,2.1516467821275134,Georgia,49.47,49.24,0.2299999999999968
2020,Wokeness,HI,794.0289639167768,3473.9912518762585,1335.4031644582865,5603.423380251322,5603.423380251322,1787,14521988.6366795,-0.47827231784853663,0.27050610050082063,-0.12937557967869667,-0.40783862250647224,Hawaii,63.73,34.27,29.459999999999997
2020,Wokeness,IA,25644.807834939587,17942.99570507087,12370.47660936322,55958.28014937368,55958.28014937368,2244,159581429.634451,0.13763489709315024,0.31336131831788067,0.0431294527996554,2.1147480957560076,Iowa,44.89,53.09,-8.200000000000003
2020,Wokeness,ID,1004.8321253437651,8162.659872445503,1966.4871379374592,11133.979135726728,11133.979135726728,1919,23862800.5868735,-0.6428813688121339,0.31237703743649653,-0.20082137741265407,-1.0820320652734583,Idaho,33.07,63.84,-30.770000000000003
2020,Wokeness,IL,30980.239382600164,184788.34406491715,18308.307280671877,234076.89072818917,234076.89072818917,2411,198642234.6607125,-0.6570836796568674,0.4179234621284746,-0.27461068631031554,-1.1402008280942544,Illinois,57.54,40.55,16.990000000000002
2020,Wokeness,IN,4506.191046789794,27725.35608744451,9072.197681199788,41303.7448154341,41303.7448154341,2361,112128740.7448325,-0.5621564132843069,0.2875205691853704,-0.16163153191871021,-0.7514048283996289,Indiana,40.96,57.03,-16.07
2020,Wokeness,KS,1879.1071784253818,12494.861012543355,3422.0017679935354,17795.969958962272,17795.969958962272,2045,44804084.3254595,-0.5965257223179199,0.23920207628821635,-0.14269019133777444,-0.8921720744729833,Kansas,41.51,56.14,-14.630000000000004
2020,Wokeness,KY,13676.055213794967,29353.97836326137,15440.572278099939,58470.605855156275,58470.605855156275,2400,260934950.10509148,-0.26813341370711713,0.29726108247649796,-0.0797056288066963,0.4528325885420387,Kentucky,36.15,62.09,-25.940000000000005
2020,Wokeness,LA,2738.4246275150917,24497.041789386152,6036.572874703973,33272.039291605215,33272.039291605215,2143,67028953.39024901,-0.653961032300203,0.3057434303351805,-0.1999442893209998,-1.127411322537829,Louisiana,39.85,58.46,-18.61
2020,Wokeness,MA,4697.871682009667,13909.060154670118,6460.785599261238,25067.717435941024,25067.717435941024,2206,92065162.049713,-0.36745222201419275,0.23183160497843375,-0.08518703838244207,0.046050039756980334,Massachusetts,65.6,32.14,33.459999999999994
2020,Wokeness,MD,4722.741634038834,16219.517741510932,5980.568898084769,26922.828273634535,26922.828273634535,2317,81577150.0001055,-0.4270270563932863,0.23121769880502424,-0.09873621330673897,-0.19795211235552068,Maryland,65.36,32.15,33.21
2020,Wokeness,ME,5121.66865527374,8056.250839117517,7025.986137217604,20203.90563160886,20203.90563160886,2025,41346730.8305375,-0.1452482622593844,0.22414051894819156,-0.032556020879141445,0.9561364034568763,Maine,53.09,44.02,9.07
2020,Wokeness,MI,43580.1197968667,52724.87014999539,20850.936325559713,117155.9262724218,117155.9262724218,2399,507971649.067863,-0.07805623363742158,0.2941146128066013,-0.022957478933411855,1.2313364901954664,Michigan,50.62,47.84,2.779999999999994
2020,Wokeness,MN,16334.530051094094,18294.195490551872,7270.437410815348,41899.162952461316,41899.162952461316,2202,151354646.563435,-0.046770992577613295,0.2766851710146776,-0.012940840079863151,1.3594722412640496,Minnesota,52.4,45.28,7.119999999999997
2020,Wokeness,MO,4210.345280299232,33229.42218248744,10329.05464185174,47768.82210463841,47768.82210463841,2288,96598261.252976,-0.6074898987172308,0.29283186182566623,-0.1778923980816521,-0.937078328354434,Missouri,41.41,56.8,-15.39
2020,Wokeness,MS,2341.2180193926633,15087.630578322569,4419.78997342823,21848.63857114346,21848.63857114346,2111,40226197.8130675,-0.5833961927387412,0.26170606914835554,-0.15267832435777237,-0.8383971289455043,Mississippi,41.06,57.6,-16.54
2020,Wokeness,MT,1027.9608866795124,4884.560178162535,2264.540789732019,8177.061854574066,8177.061854574066,1872,32915658.8546995,-0.4716363114369407,0.1609226990940778,-0.07589698822720757,-0.38065936363420605,Montana,40.55,56.92,-16.370000000000005
2020,Wokeness,NC,94406.49084666355,92050.94205028671,62133.66320696229,248591.09610391257,248591.09610391257,2566,377950358.3499785,0.00947559600200727,0.3521370317985122,0.0033367082506686892,1.5898428130911042,North Carolina,48.59,49.93,-1.3399999999999963
2020,Wokeness,ND,379.68796638402796,3371.0553991227853,849.139915440516,4599.88328094733,4599.88328094733,1623,12207385.9356065,-0.6503137688577819,0.31893708783023805,-0.20740917961540753,-1.112473133644025,North Dakota,31.78,65.12,-33.34
2020,Wokeness,NE,9940.79735592168,7715.423634358945,2276.770888408501,19932.991878689125,19932.991878689125,1951,38506381.887191005,0.11164273457322484,0.39516699327204935,0.04411752374197073,2.0082913399963083,Nebraska,39.17,58.22,-19.05
2020,Wokeness,NH,2811.0410314929054,5750.928053139359,2005.0021239185562,10566.971208550822,10566.971208550822,1856,54204029.528416,-0.2782147281017941,0.2381621038309958,-0.06626020496149175,0.4115422948456932,New Hampshire,52.71,45.36,7.350000000000001
2020,Wokeness,NJ,6665.718431147205,29680.020849608376,8312.721548927468,44658.46082968305,44658.46082968305,2312,113963671.5496905,-0.5153402511168567,0.26248698244294355,-0.13527010744705248,-0.5596586919384516,New Jersey,57.33,41.4,15.93
2020,Wokeness,NM,2045.5260812878369,8023.138916010389,2867.601293323358,12936.266290621585,12936.266290621585,1978,36873064.1449205,-0.46208177076999,0.2330040978644354,-0.10766694613786236,-0.3415265903838871,New Mexico,54.29,43.5,10.79
2020,Wokeness,NV,15248.998668877239,10281.29836095007,2685.927941490484,28216.22497131779,28216.22497131779,2018,126298998.041248,0.17605828961800912,0.39352316406342647,0.06928301519007406,2.27211975386034,Nevada,50.06,47.67,2.390000000000001
2020,Wokeness,NY,18501.201550020116,53480.80403348588,24207.985638467733,96189.99122197373,96189.99122197373,2578,352832648.85840946,-0.363651166187808,0.25139967471183045,-0.09142178488819273,0.06161811999763829,New York,60.87,37.74,23.129999999999995
2020,Wokeness,OH,10078.928448443285,50711.22399930011,15506.232902378839,76296.38535012223,76296.38535012223,2419,215597443.0196725,-0.5325585919227526,0.2369497753017981,-0.1261896386911382,-0.6301802847591856,Ohio,45.24,53.27,-8.030000000000001
2020,Wokeness,OK,2795.735140478472,20760.565644816903,5344.468820789327,28900.7696060847,28900.7696060847,2178,53389349.9609,-0.6216038793844493,0.2971623916890749,-0.18471729548109017,-0.9948853150387995,Oklahoma,32.29,65.37,-33.080000000000005
2020,Wokeness,OR,3518.066670170396,13253.68872999997,5165.099150612754,21936.854550783122,21936.854550783122,2155,82126906.0746825,-0.4438020973924005,0.23134291424957282,-0.10267047056083067,-0.2666580709741098,Oregon,56.45,40.37,16.080000000000005
2020,Wokeness,PA,50155.67568319539,130758.64128593069,25783.21998410573,206697.5369532318,206697.5369532318,2540,450067018.8726115,-0.38995610102975165,0.38405067100461654,-0.14976290226282016,-0.04611966525192963,Pennsylvania,49.85,48.69,1.1600000000000037
2020,Wokeness,RI,791.3215681599702,2410.1725032162485,1005.0173415623116,4206.51141293853,4206.51141293853,1744,13978190.0961785,-0.38484406106137303,0.258177152045958,-0.09935794366662604,-0.025182154187572692,Rhode Island,59.39,38.61,20.78
2020,Wokeness,SC,6672.903013365952,21682.92256579813,8882.151941937345,37237.97752110143,37237.97752110143,2325,158560966.52086198,-0.4030836407247558,0.2845159014078768,-0.11468370538357264,-0.09988646076059438,South Carolina,43.43,55.11,-11.68
2020,Wokeness,SD,667.1856232111052,3856.3512243269824,1194.8935054513552,5718.430352989442,5718.430352989442,1687,10582715.602634,-0.5576994742007598,0.25404251082987717,-0.14167937471446332,-0.7331504305560751,South Dakota,35.61,61.77,-26.160000000000004
2020,Wokeness,TN,3872.45093664916,30490.122658823522,8232.79182837873,42595.365423851414,42595.365423851414,2309,97018198.2075255,-0.6248959589220875,0.2713065754024913,-0.16953838259800744,-1.0083687682532518,Tennessee,37.45,60.66,-23.209999999999997
2020,Wokeness,TX,46090.183180712265,102388.316981735,30137.78211009034,178616.28227253762,178616.28227253762,2553,460591772.8974285,-0.3151903795373005,0.2827829984566263,-0.08913048061023991,0.2601001864444423,Texas,46.48,52.06,-5.580000000000005
2020,Wokeness,UT,1397.3395059787335,10885.237495761887,2463.294631051322,14745.871632791943,14745.871632791943,1968,39096435.8719675,-0.6434274097899996,0.28743757401524533,-0.1849452137249506,-1.0842684990819524,Utah,37.65,58.13,-20.480000000000004
2020,Wokeness,VA,6909.840307712242,35606.31107519881,10802.862649806348,53319.0140327174,53319.0140327174,2452,179737984.648323,-0.538203327426084,0.24305516671978034,-0.13081309947668737,-0.6532995703648214,Virginia,54.11,44.0,10.11
2020,Wokeness,VT,569.9937128019304,1112.7766153272564,697.0126611059252,2379.782989235112,2379.782989235112,1457,13709557.873512499,-0.22808083971546594,0.20304034012962693,-0.04630961127287913,0.6168769262806872,Vermont,66.09,30.67,35.42
2020,Wokeness,WA,7432.29215457545,27720.876337647936,11464.593988600256,46617.76248082364,46617.76248082364,2345,144095878.081123,-0.4352114538190943,0.20739280874277216,-0.09025972580456725,-0.23147315536729907,Washington,57.97,38.77,19.2
2020,Wokeness,WI,29241.79578316936,29482.946657671724,11841.575962276886,70566.31840311797,70566.31840311797,2299,284568151.1364035,-0.0034173651107141877,0.3039667283546169,-0.0010387652922970048,1.537036786999812,Wisconsin,49.45,48.82,0.6300000000000026
2020,Wokeness,WV,1201.626432728517,10427.080172325224,2934.171334214363,14562.877939268104,14562.877939268104,2098,38558229.6389615,-0.6334911119951581,0.2952702467248441,-0.18705107693680617,-1.0435721535320126,West Virginia,29.69,68.62,-38.93000000000001
2020,Wokeness,WY,304.30803607887754,3120.9715372324954,748.97792191173,4174.257495223103,4174.257495223103,1587,9877252.3547785,-0.6747699451643613,0.2989723064471027,-0.2017375268269741,-1.2126389119200656,Wyoming,26.55,69.94,-43.39
2020,Healthcare,AK,836.9657102803509,93.23644183676285,557.5312791204124,1487.733431237526,1487.733431237526,821,29184844.7567595,0.499907613035851,0.07933118652676852,0.03965826409589871,0.0794335456308737,Alaska,42.77,52.83,-10.059999999999995
2020,Healthcare,AL,5505.774313319989,1341.2530911253607,6400.18130421935,13247.2087086647,13247.2087086647,1141,79885426.9061845,0.31436971469096797,0.09062055513646759,0.02848835806338845,-1.7038275014691637,Alabama,36.57,62.03,-25.46
2020,Healthcare,AR,2637.711214344082,356.24347724457857,1825.3554304695617,4819.310122058222,4819.310122058222,902,40384409.7305345,0.4734013124943157,0.06718997815747467,0.03180782384621291,-0.17532655287247406,Arkansas,34.78,62.4,-27.62
2020,Healthcare,AZ,18418.094560791556,1925.209245879261,9846.40789605049,30189.71170272131,30189.71170272131,1225,419823979.29828846,0.546308142234615,0.0769537844426429,0.04204047901678326,0.5254031131592088,Arizona,49.36,49.06,0.2999999999999971
2020,Healthcare,CA,37396.21468020484,14198.11031346491,21651.49668757137,73245.82168124111,73245.82168124111,1351,603322860.2306296,0.31671573660127517,0.11253345097570412,0.03564111481805362,-1.681279172930282,California,63.48,34.32,29.16
2020,Healthcare,CO,14119.997442127737,1798.197674766267,5809.002434186996,21727.197551081,21727.197551081,1132,155549719.0106645,0.5671140853942491,0.13617401758496844,0.07722620343715977,0.7253753469493426,Colorado,55.4,41.9,13.5
2020,Healthcare,CT,4044.125670028786,288.07184490357747,1975.15329448971,6307.350809422073,6307.350809422073,1041,42048411.348555,0.5955041884644063,0.11526869768278598,0.06864299226893646,0.9982412432421837,Connecticut,59.26,39.19,20.07
2020,Healthcare,DC,3744.5876691758426,67.33706087461103,1462.287046438974,5274.211776489427,5274.211776489427,907,24754718.1437095,0.6972133020318061,0.17428123526407216,0.12151119552064579,1.9757983999082305,District of Columbia,92.15,5.4,86.75
2020,Healthcare,DE,1781.2997299131541,135.01880489126304,1139.8906800936618,3056.209214898079,3056.209214898079,910,20561432.3202525,0.5386676137866407,0.11923157079680899,0.06422618572915002,0.45196767553661843,Delaware,58.74,39.77,18.97
2020,Healthcare,FL,36132.034687924315,4881.343450699833,19557.38298709973,60570.761125723875,60570.761125723875,1337,605381467.080447,0.5159369084426543,0.08288064597137056,0.042761184252199054,0.23349596827553618,Florida,47.86,51.22,-3.3599999999999994
2020,Healthcare,GA,28859.65022570642,2102.022297640116,14573.487016933776,45535.159540280314,45535.159540280314,1255,320611852.040047,0.5876256545098202,0.08705478391765854,0.05115562437782507,0.9225182624668332,Georgia,49.47,49.24,0.2299999999999968
2020,Healthcare,HI,1249.6931881686398,78.53491989317277,802.7686739418368,2130.9967820036495,2130.9967820036495,835,14521988.6366795,0.5495823729842972,0.10287418789578419,0.05653784030259754,0.5568727385414699,Hawaii,63.73,34.27,29.459999999999997
2020,Healthcare,IA,9049.947872890827,597.7575136261223,3918.9204898596654,13566.625876376615,13566.625876376615,1135,159581429.634451,0.6230134475796515,0.07597188045091183,0.04733150315883171,1.2626410809702757,Iowa,44.89,53.09,-8.200000000000003
2020,Healthcare,ID,1348.9495749498942,218.73776863651972,878.570592918174,2446.257936504588,2446.257936504588,846,23862800.5868735,0.462016612985756,0.06863267819128557,0.03170943751807912,-0.28474835482053595,Idaho,33.07,63.84,-30.770000000000003
2020,Healthcare,IL,15974.087039341659,5542.436758836328,23346.067435321573,44862.59123349956,44862.59123349956,1248,198642234.6607125,0.232524470693433,0.08009816513724219,0.018624783452052426,-2.4904669795121004,Illinois,57.54,40.55,16.990000000000002
2020,Healthcare,IN,6056.196465711966,837.3350322686856,4618.467413840473,11511.998911821123,11511.998911821123,1081,112128740.7448325,0.4533410290791706,0.08013647417149788,0.036329151667683225,-0.3681320245692582,Indiana,40.96,57.03,-16.07
2020,Healthcare,KS,3423.46321044325,1000.2941234356452,2241.885951456971,6665.643285335866,6665.643285335866,926,44804084.3254595,0.36353116770266936,0.08959532508347313,0.03257069314829525,-1.2313218573034272,Kansas,41.51,56.14,-14.630000000000004
2020,Healthcare,KY,11192.281149760514,770.1329644683985,5092.645480178811,17055.059594407725,17055.059594407725,1045,260934950.10509148,0.6110883475722061,0.08670690858401184,0.052985581489698126,1.1480253258294004,Kentucky,36.15,62.09,-25.940000000000005
2020,Healthcare,LA,3482.713578521253,737.6229481897144,2524.917814700246,6745.254341411213,6745.254341411213,944,67028953.39024901,0.40696621526612775,0.061983492588224706,0.02522518738760589,-0.813854433721452,Louisiana,39.85,58.46,-18.61
2020,Healthcare,MA,8115.52707239108,431.84005694462485,3886.075661474163,12433.442790809866,12433.442790809866,1089,92065162.049713,0.6179854723042458,0.11498713454732948,0.07106037865214326,1.2143156847337269,Massachusetts,65.6,32.14,33.459999999999994
2020,Healthcare,MD,7705.387899472133,583.2478393718013,5245.695982181038,13534.331721024972,13534.331721024972,1195,81577150.0001055,0.526227685777526,0.11623507766692659,0.06116611592683777,0.33240375223428864,Maryland,65.36,32.15,33.21
2020,Healthcare,ME,5709.718673371611,576.8858845669661,4635.845154942545,10922.449712881124,10922.449712881124,1004,41346730.8305375,0.4699342110727563,0.12117278666163275,0.05694323790332179,-0.20864991681356726,Maine,53.09,44.02,9.07
2020,Healthcare,MI,27924.482785625205,2151.6588136782802,13991.350274877263,44067.49187418075,44067.49187418075,1212,507971649.067863,0.5848488959964451,0.11062942970375096,0.06470149982695508,0.8958299937180899,Michigan,50.62,47.84,2.779999999999994
2020,Healthcare,MN,7221.50256009384,545.528018511638,4093.032453315708,11860.063031921185,11860.063031921185,1140,151354646.563435,0.5628953677239248,0.07831907219614756,0.044085442943647093,0.6848279711446544,Minnesota,52.4,45.28,7.119999999999997
2020,Healthcare,MO,7118.275754677945,907.9099945177518,5012.182598867327,13038.368348063024,13038.368348063024,1035,96598261.252976,0.4763146426280251,0.0799276496742714,0.03807070989069857,-0.14732565283463042,Missouri,41.41,56.8,-15.39
2020,Healthcare,MS,2599.9253062275207,501.09376937694,2493.5752986697753,5594.5943742742365,5594.5943742742365,988,40226197.8130675,0.37515347788245207,0.06701283914799949,0.025140099669149346,-1.1196163070853504,Mississippi,41.06,57.6,-16.54
2020,Healthcare,MT,2723.479756389771,398.85221893675214,2999.852127549691,6122.184102876214,6122.184102876214,900,32915658.8546995,0.37970559172843305,0.12048317692920442,0.04574813598922506,-1.0758645594590333,Montana,40.55,56.92,-16.370000000000005
2020,Healthcare,NC,36953.0107135211,2247.989286774107,16324.97691245834,55525.97691275355,55525.97691275355,1257,377950358.3499785,0.6250231577425112,0.07865427605499024,0.04916074398984119,1.281957015242243,North Carolina,48.59,49.93,-1.3399999999999963
2020,Healthcare,ND,522.9222626546052,100.49992981960105,438.30808197437364,1061.7302744485798,1061.7302744485798,770,12207385.9356065,0.3978621906155906,0.07361603351902678,0.029289036360310737,-0.9013559774813348,North Dakota,31.78,65.12,-33.34
2020,Healthcare,NE,2664.673836075062,225.14321976061774,1245.66915381619,4135.48620965187,4135.48620965187,908,38506381.887191005,0.5899017655096489,0.08198506582111875,0.04836313507330273,0.9443946560288949,Nebraska,39.17,58.22,-19.05
2020,Healthcare,NH,2806.490018687392,220.66252118775614,1572.1877427529662,4599.340282628114,4599.340282628114,938,54204029.528416,0.56221704388049,0.10366154466844456,0.05828028720757827,0.6783083948310973,New Hampshire,52.71,45.36,7.350000000000001
2020,Healthcare,NJ,10695.59474178842,925.2444372866895,6848.677376517489,18469.5165555926,18469.5165555926,1195,113963671.5496905,0.5289987030842587,0.10855742848699287,0.057426738879781385,0.359036840503679,New Jersey,57.33,41.4,15.93
2020,Healthcare,NM,2503.367703855434,432.2010025467163,1483.6708073918949,4419.239513794045,4419.239513794045,919,36873064.1449205,0.4686703888404005,0.07959799937830211,0.03730522531954681,-0.2207968958271474,New Mexico,54.29,43.5,10.79
2020,Healthcare,NV,3261.3617503072055,686.9218346213556,1515.3477695563884,5463.631354484949,5463.631354484949,920,126298998.041248,0.47119575766629296,0.07619961564945824,0.03590493562982679,-0.19652480965527694,Nevada,50.06,47.67,2.390000000000001
2020,Healthcare,NY,23680.216024698137,2526.776519032561,21560.12329517647,47767.115838907164,47767.115838907164,1500,352832648.85840946,0.4428452322096392,0.12484289925873619,0.05528608271195962,-0.46901031349392164,New York,60.87,37.74,23.129999999999995
2020,Healthcare,OH,17468.052316856025,1313.6219149845506,10605.09871073678,29386.772942577354,29386.772942577354,1166,215597443.0196725,0.5497177397953059,0.09126499523712374,0.05016998690418102,0.5581737900425127,Ohio,45.24,53.27,-8.030000000000001
2020,Healthcare,OK,3339.764482843826,728.134568231362,3407.4544419409694,7475.353493016158,7475.353493016158,973,53389349.9609,0.34936540687371864,0.07686279476233304,0.026853201565593614,-1.3674732835842565,Oklahoma,32.29,65.37,-33.080000000000005
2020,Healthcare,OR,6483.538888409079,1621.4316897059941,2505.9330268750705,10610.903604990144,10610.903604990144,1107,82126906.0746825,0.4582180160807898,0.11190106389760814,0.051275083496491694,-0.3212578224532322,Oregon,56.45,40.37,16.080000000000005
2020,Healthcare,PA,21998.86603748605,2758.8381931593476,12439.427122284415,37197.131352929806,37197.131352929806,1373,450067018.8726115,0.517244936491891,0.06911346630498003,0.03574859048965384,0.24606782281051756,Pennsylvania,49.85,48.69,1.1600000000000037
2020,Healthcare,RI,1050.6268443949502,72.9256633210731,511.0225723130515,1634.5750800290748,1634.5750800290748,829,13978190.0961785,0.5981378237189854,0.10032302246207342,0.06000699432437548,1.0235539109163119,Rhode Island,59.39,38.61,20.78
2020,Healthcare,SC,6412.263763494068,498.4262228721225,2958.383906848253,9869.073893214445,9869.073893214445,1110,158560966.52086198,0.5992292290655609,0.07540442960946821,0.04518453822300998,1.0340437389164492,South Carolina,43.43,55.11,-11.68
2020,Healthcare,SD,1034.8199618296196,419.84000209029415,1257.223503460094,2711.8834673800075,2711.8834673800075,854,10582715.602634,0.22677226626314706,0.12047601222791746,0.02732061832327146,-2.545753161941622,South Dakota,35.61,61.77,-26.160000000000004
2020,Healthcare,TN,5373.259236741818,1006.0030941162424,3495.077892062782,9874.340222920842,9874.340222920842,1038,97018198.2075255,0.44228333681353915,0.06289354260920664,0.027816765889224417,-0.4744108606670251,Tennessee,37.45,60.66,-23.209999999999997
2020,Healthcare,TX,26483.543069336472,4041.7186006201446,15932.497571950395,46457.75924190701,46457.75924190701,1322,460591772.8974285,0.4830586932068988,0.07355132630046013,0.03552960756633448,-0.08250653607055583,Texas,46.48,52.06,-5.580000000000005
2020,Healthcare,UT,1984.5896848598984,332.47722499337317,1367.4063405408995,3684.4732503941714,3684.4732503941714,897,39096435.8719675,0.44839854915211536,0.07182051213996954,0.03220421344292423,-0.4156356990671135,Utah,37.65,58.13,-20.480000000000004
2020,Healthcare,VA,10355.532179432052,1023.1672648143403,7837.5823595359425,19216.281803782334,19216.281803782334,1231,179737984.648323,0.4856488372678228,0.0875975796305354,0.042541662695045036,-0.05761187545713476,Virginia,54.11,44.0,10.11
2020,Healthcare,VT,973.6656575519432,42.83794843722873,324.54862801818297,1341.0522340073549,1341.0522340073549,790,13709557.873512499,0.6941025006410074,0.11441703002170193,0.07941714665398053,1.9458995436909186,Vermont,66.09,30.67,35.42
2020,Healthcare,WA,14707.880576999978,2733.7704766939605,10062.359298843176,27504.010352537116,27504.010352537116,1208,144095878.081123,0.43535869667099153,0.12235966839998742,0.053270345759713233,-0.5409656785319812,Washington,57.97,38.77,19.2
2020,Healthcare,WI,12701.78155361146,2239.475461065277,5109.595162180936,20050.852176857672,20050.852176857672,1276,284568151.1364035,0.5217886003180247,0.08636970264063226,0.04506672625073951,0.289738354731713,Wisconsin,49.45,48.82,0.6300000000000026
2020,Healthcare,WV,1782.1817605019473,251.4109426142549,1274.2782407363588,3307.870943852561,3307.870943852561,940,38558229.6389615,0.4627661852202908,0.067068877030935,0.031037208370614574,-0.27754398859801416,West Virginia,29.69,68.62,-38.93000000000001
2020,Healthcare,WY,368.7333679912058,85.1788069094479,318.5150522026331,772.4272271032868,772.4272271032868,771,9877252.3547785,0.3670955025046545,0.055323455707723845,0.02030899177332088,-1.1970639538351655,Wyoming,26.55,69.94,-43.39
2020,Economy,AK,738.1072983287637,1160.0641078458655,760.8527565356762,2659.0241627103055,2659.0241627103055,1183,29184844.7567595,-0.15868859540073046,0.14178853375344852,-0.022500223265263807,0.36399868139143693,Alaska,42.77,52.83,-10.059999999999995
2020,Economy,AL,3958.9925749458625,7209.7175814843995,7295.216594908825,18463.926751339088,18463.926751339088,1753,79885426.9061845,-0.1760581619672413,0.12630670573726321,-0.022237326456239773,0.1632194610383986,Alabama,36.57,62.03,-25.46
2020,Economy,AR,1823.4913607970939,3528.3894299631393,2357.164177407736,7709.044968167969,7709.044968167969,1434,40384409.7305345,-0.22115554860632874,0.10747815556741593,-0.023769390457708216,-0.35807265610706535,Arkansas,34.78,62.4,-27.62
2020,Economy,AZ,12605.442921270702,21308.03853878248,15102.368013592544,49015.84947364573,49015.84947364573,1759,419823979.29828846,-0.17754656322320575,0.1249417401467918,-0.022182976566189713,0.14601465384872475,Arizona,49.36,49.06,0.2999999999999971
2020,Economy,CA,19891.13303940917,49478.42867776794,33062.59813628505,102432.15985346216,102432.15985346216,1996,603322860.2306296,-0.28884771814521815,0.1573747713469538,-0.04545734359719306,-1.1405435929598131,California,63.48,34.32,29.16
2020,Economy,CO,3846.226507636742,9296.4582488665,5871.059034678199,19013.74379118144,19013.74379118144,1518,155549719.0106645,-0.2866469539658766,0.11916759514379274,-0.034159028159406975,-1.1151044022686056,Colorado,55.4,41.9,13.5
2020,Economy,CT,1570.1862134749244,3720.9795612860835,2968.3764310692864,8259.542205830294,8259.542205830294,1394,42048411.348555,-0.26040103606383225,0.15094557164948605,-0.03930638324677359,-0.8117211880908631,Connecticut,59.26,39.19,20.07
2020,Economy,DC,1093.2479175509552,2158.333598066921,3378.449396964468,6630.030912582344,6630.030912582344,1135,24754718.1437095,-0.16064565830223607,0.21908296940873717,-0.03519472784347523,0.3413764955100835,District of Columbia,92.15,5.4,86.75
2020,Economy,DE,1123.241609746207,1497.5057041933921,1436.5553983992795,4057.3027123388783,4057.3027123388783,1324,20561432.3202525,-0.0922445577720861,0.15828712682107754,-0.014601126014624405,1.1320421452915832,Delaware,58.74,39.77,18.97
2020,Economy,FL,39991.893421177854,44068.126600452786,30830.40467379809,114890.42469542872,114890.42469542872,1991,605381467.080447,-0.035479311614356995,0.15720774244387437,-0.005577622482355795,1.7882060065517444,Florida,47.86,51.22,-3.3599999999999994
2020,Economy,GA,13285.145547854314,23488.170292145936,24356.900315651954,61130.216155652204,61130.216155652204,1823,320611852.040047,-0.1669064071082666,0.11686964121784874,-0.019506291915703314,0.26900691396136356,Georgia,49.47,49.24,0.2299999999999968
2020,Economy,HI,560.4704210952348,1342.3283959052526,1109.3867201820628,3012.1855371825504,3012.1855371825504,1207,14521988.6366795,-0.2595650119020654,0.145413706649394,-0.037744310497173396,-0.8020573730064103,Hawaii,63.73,34.27,29.459999999999997
2020,Economy,IA,4732.993589764785,6899.517317714384,5931.409306438603,17563.920213917772,17563.920213917772,1570,159581429.634451,-0.12335080674261041,0.0983563679650535,-0.01213233733676239,0.7724771329756799,Iowa,44.89,53.09,-8.200000000000003
2020,Economy,ID,884.3870791171709,1929.260243713605,1247.7226535929096,4061.3699764236853,4061.3699764236853,1257,23862800.5868735,-0.2572711106503319,0.11394656894028357,-0.02931516034606137,-0.7755415873000535,Idaho,33.07,63.84,-30.770000000000003
2020,Economy,IL,18245.355626405515,27812.55184719545,15588.287060082446,61646.19453368341,61646.19453368341,1824,198642234.6607125,-0.15519524429950707,0.11006379556057479,-0.017081377640554406,0.40437921177700054,Illinois,57.54,40.55,16.990000000000002
2020,Economy,IN,3915.8365606644747,8093.097782118426,6068.486145780209,18077.42048856311,18077.42048856311,1692,112128740.7448325,-0.23107617727300991,0.12583920057371475,-0.029078441419665563,-0.4727477161600098,Indiana,40.96,57.03,-16.07
2020,Economy,KS,4959.51962702955,4252.834290947409,2947.6082232859117,12159.96214126287,12159.96214126287,1405,44804084.3254595,0.05811575133808343,0.16344645436487332,0.009498813498960378,2.870095050617823,Kansas,41.51,56.14,-14.630000000000004
2020,Economy,KY,5597.65611280029,9339.733882057759,6445.1018668729685,21382.491861731018,21382.491861731018,1658,260934950.10509148,-0.1750066266109421,0.10870731684581211,-0.019024500809112416,0.17537442461811556,Kentucky,36.15,62.09,-25.940000000000005
2020,Economy,LA,5564.174288770673,6435.356302886426,3209.7249467608985,15209.255538417998,15209.255538417998,1480,67028953.39024901,-0.057279727591871984,0.13976089413712384,-0.008005465944170911,1.5362094753443085,Louisiana,39.85,58.46,-18.61
2020,Economy,MA,3650.90982104038,7798.3308191875685,5616.999499862954,17066.2401400909,17066.2401400909,1522,92065162.049713,-0.24301902259094182,0.1578322339373425,-0.03835623522479785,-0.6107980907936805,Massachusetts,65.6,32.14,33.459999999999994
2020,Economy,MD,4968.048717865469,8473.930917179317,6854.332908971455,20296.31254401624,20296.31254401624,1719,81577150.0001055,-0.17273493358513797,0.17430808654121588,-0.030109095752049408,0.2016334998147173,Maryland,65.36,32.15,33.21
2020,Economy,ME,5185.7661626141935,5821.364829958738,7723.285898854152,18730.416891427085,18730.416891427085,1378,41346730.8305375,-0.03393403740177602,0.20779375229274066,-0.007051280962157244,1.806068222655159,Maine,53.09,44.02,9.07
2020,Economy,MI,17227.14290921951,28296.949129196983,23851.419550780247,69375.51158919674,69375.51158919674,1820,507971649.067863,-0.15956359767877054,0.1741640596299874,-0.027790243940900714,0.3538843083862555,Michigan,50.62,47.84,2.779999999999994
2020,Economy,MN,4445.521976698008,9673.019941993323,6417.279715567223,20535.821634258555,20535.821634258555,1541,151354646.563435,-0.25455509199469406,0.13561028241181045,-0.03452028791476485,-0.7441464395826272,Minnesota,52.4,45.28,7.119999999999997
2020,Economy,MO,5255.892795243539,10459.182350557941,6108.282545386135,21823.357691187615,21823.357691187615,1614,96598261.252976,-0.23842754304556524,0.133781286254019,-0.0318971433870212,-0.5577240155219901,Missouri,41.41,56.8,-15.39
2020,Economy,MS,3481.5000296492335,4028.095826074635,2951.4094171757906,10461.00527289966,10461.00527289966,1471,40226197.8130675,-0.05225079064259874,0.12530339409461477,-0.00654720141164476,1.594340231573219,Mississippi,41.06,57.6,-16.54
2020,Economy,MT,1712.9927166635025,3527.5101327178922,4678.538440524317,9919.041289905712,9919.041289905712,1325,32915658.8546995,-0.18293274148389377,0.1952044542630373,-0.03570928596820477,0.08375445479755982,Montana,40.55,56.92,-16.370000000000005
2020,Economy,NC,17245.42905157671,23971.129467744337,20832.990823571523,62049.54934289257,62049.54934289257,1870,377950358.3499785,-0.10839241360159883,0.08789511962611929,-0.009527164160076328,0.9453849888560378,North Carolina,48.59,49.93,-1.3399999999999963
2020,Economy,ND,325.26104820455,809.1384892848123,547.2150388842571,1681.6145763736195,1681.6145763736195,1011,12207385.9356065,-0.28774574618860516,0.11659627496700885,-0.033550082143193743,-1.127805619939447,North Dakota,31.78,65.12,-33.34
2020,Economy,NE,1367.679045259689,2148.1465807589075,2619.9212935104642,6135.7469195290605,6135.7469195290605,1281,38506381.887191005,-0.12720008594473156,0.1216397757258301,-0.01547258992662346,0.7279823395009168,Nebraska,39.17,58.22,-19.05
2020,Economy,NH,3013.723741288466,4719.742707271545,2579.113249836123,10312.579698396134,10312.579698396134,1301,54204029.528416,-0.16543086365174065,0.23242853873845937,-0.03845085390081539,0.28606309458992946,New Hampshire,52.71,45.36,7.350000000000001
2020,Economy,NJ,4557.926457629719,11666.659776537681,6124.377953007028,22348.964187174428,22348.964187174428,1651,113963671.5496905,-0.31807887199477036,0.13135947950802815,-0.04178267506773375,-1.4784339057352898,New Jersey,57.33,41.4,15.93
2020,Economy,NM,3162.2186038623586,5529.516507851944,1866.9352031552303,10558.670314869532,10558.670314869532,1289,36873064.1449205,-0.22420416902834575,0.19017956155925395,-0.04263905056556766,-0.3933124319034906,New Mexico,54.29,43.5,10.79
2020,Economy,NV,1549.7972620870732,4292.47049431708,3446.3592350829713,9288.626991487125,9288.626991487125,1338,126298998.041248,-0.29527218982349296,0.1295456740655639,-0.03825123486349953,-1.2148056886664018,Nevada,50.06,47.67,2.390000000000001
2020,Economy,NY,12545.469253059313,26232.582015849683,23746.938119258626,62524.989388167625,62524.989388167625,2058,352832648.85840946,-0.2189062788610493,0.16341369610142123,-0.03577228412849248,-0.3320727772907684,New York,60.87,37.74,23.129999999999995
2020,Economy,OH,20547.64505501595,27080.98847632522,9795.848455161744,57424.48198650291,57424.48198650291,1805,215597443.0196725,-0.11377278810882213,0.17834027183703555,-0.020290269958984784,0.8831918768614961,Ohio,45.24,53.27,-8.030000000000001
2020,Economy,OK,4069.571246692245,4923.273222647647,3284.6319326427624,12277.476401982654,12277.476401982654,1504,53389349.9609,-0.06953399444673666,0.12623899990369863,-0.008777901918265371,1.3945593002696148,Oklahoma,32.29,65.37,-33.080000000000005
2020,Economy,OR,3095.9372169836743,7743.597528440945,4280.105030710825,15119.639776135444,15119.639776135444,1537,82126906.0746825,-0.30739226464859637,0.15944954734132855,-0.04901355745444456,-1.3549047040728397,Oregon,56.45,40.37,16.080000000000005
2020,Economy,PA,17990.560518798105,23560.41784054634,18004.887611315535,59555.86597065998,59555.86597065998,1980,450067018.8726115,-0.09352323622482808,0.11065671427651402,-0.010348974029145728,1.11726157711559,Pennsylvania,49.85,48.69,1.1600000000000037
2020,Economy,RI,500.7747456886691,1115.9794821511814,727.0524086774577,2343.806636517308,2343.806636517308,1125,13978190.0961785,-0.2624810113929248,0.14385253312310387,-0.03775855838558652,-0.8357641498613619,Rhode Island,59.39,38.61,20.78
2020,Economy,SC,3861.577709204955,6893.352164416258,3968.3348150679667,14723.26468868918,14723.26468868918,1654,158560966.52086198,-0.20591726898317575,0.11249276151465012,-0.02316420223147245,-0.1819295214731169,South Carolina,43.43,55.11,-11.68
2020,Economy,SD,479.70490452945575,1254.811706814622,793.0514815554573,2527.5680928995353,2527.5680928995353,1137,10582715.602634,-0.30666109627772353,0.11228776167187283,-0.03443428809286827,-1.3464529436395258,South Dakota,35.61,61.77,-26.160000000000004
2020,Economy,TN,4030.147585089381,7486.304788321726,4591.341058044359,16107.793431455466,16107.793431455466,1639,97018198.2075255,-0.21456428640828762,0.10259684896920374,-0.022013619686816057,-0.2818825865277419,Tennessee,37.45,60.66,-23.209999999999997
2020,Economy,TX,19897.484318130366,43430.86465150126,33904.21969403222,97232.56866366384,97232.56866366384,2000,460591772.8974285,-0.24203186912375999,0.15393735086478255,-0.03725774475776337,-0.5993873337807966,Texas,46.48,52.06,-5.580000000000005
2020,Economy,UT,1321.742821229794,2563.1465232515184,2504.7791767792696,6389.668521260582,6389.668521260582,1283,39096435.8719675,-0.194282958167729,0.12455220445757936,-0.02419837072833032,-0.04744557531788734,Utah,37.65,58.13,-20.480000000000004
2020,Economy,VA,8090.87646029375,18262.64767777089,11855.267673654656,38208.7918117193,38208.7918117193,1863,179737984.648323,-0.2662154633834112,0.17417509367784362,-0.04636810327329619,-0.8789316265064817,Virginia,54.11,44.0,10.11
2020,Economy,VT,459.0745599499004,1064.5919851222804,473.33921997255203,1997.0057650447327,1997.0057650447327,1020,13709557.873512499,-0.3032126575552557,0.1703822288039094,-0.05166204839582101,-1.3065915668181123,Vermont,66.09,30.67,35.42
2020,Economy,WA,8505.96246927806,16431.40612873689,10292.936996634136,35230.305594649086,35230.305594649086,1698,144095878.081123,-0.22496096828244874,0.15673236211510644,-0.03525866394260973,-0.40206046620939684,Washington,57.97,38.77,19.2
2020,Economy,WI,11621.809417918317,14207.972114711534,9382.589808902918,35212.371341532766,35212.371341532766,1769,284568151.1364035,-0.07344471838347492,0.15167844315115436,-0.011139980542080444,1.3493542515409869,Wisconsin,49.45,48.82,0.6300000000000026
2020,Economy,WV,1449.241117120071,2617.396722336369,2459.2945196141463,6525.932359070586,6525.932359070586,1478,38558229.6389615,-0.17900210130015273,0.13231681717090996,-0.023684988310941013,0.12918972047088048,West Virginia,29.69,68.62,-38.93000000000001
2020,Economy,WY,474.9392517175072,1203.37340010681,501.2959687043236,2179.608620528641,2179.608620528641,1025,9877252.3547785,-0.3342041050528736,0.15610982723925299,-0.052172545102453255,-1.664829559824854,Wyoming,26.55,69.94,-43.39
2020,Democratic concerns,AK,1362.1985926564355,1605.062062948336,227.846532332723,3195.1071879374945,3195.1071879374945,1072,29184844.7567595,-0.0760110556568444,0.1703743688064101,-0.012950335629843775,0.05183327320137295,Alaska,42.77,52.83,-10.059999999999995
2020,Democratic concerns,AL,8938.542686213588,10600.6614787117,1498.6474433912992,21037.851608316585,21037.851608316585,1365,79885426.9061845,-0.07900610877210724,0.14391422627600808,-0.01137010301501595,0.03418440578052385,Alabama,36.57,62.03,-25.46
2020,Democratic concerns,AR,4017.3173916385754,7230.605061012999,621.315835627323,11869.238288278897,11869.238288278897,1243,40384409.7305345,-0.27072400025430504,0.165478842642882,-0.04479909423773369,-1.0955463598380044,Arkansas,34.78,62.4,-27.62
2020,Democratic concerns,AZ,31961.78164053697,41403.57964497534,2936.6792482107444,76302.04053372305,76302.04053372305,1501,419823979.29828846,-0.12374240503129662,0.19449443034054034,-0.02406720857553045,-0.2294319413068541,Arizona,49.36,49.06,0.2999999999999971
2020,Democratic concerns,CA,53304.19597394748,49346.8669249675,8078.952901110067,110730.01580002504,110730.01580002504,1511,603322860.2306296,0.03573853954944601,0.1701234352834407,0.006079963120164864,0.7103370506732105,California,63.48,34.32,29.16
2020,Democratic concerns,CO,17779.640393558897,12800.23972482346,2337.508666791306,32917.388785173665,32917.388785173665,1386,155549719.0106645,0.15126961318931262,0.2063079266778454,0.031208120266446742,1.3911238424892294,Colorado,55.4,41.9,13.5
2020,Democratic concerns,CT,4828.840629444812,4932.704234958517,631.8687579687396,10393.413622372069,10393.413622372069,1217,42048411.348555,-0.00999321390328737,0.18994270160773388,-0.0018981380465343705,0.44085480025929125,Connecticut,59.26,39.19,20.07
2020,Democratic concerns,DC,3774.1898825536987,2970.2301387524217,956.9237867515892,7701.34380805771,7701.34380805771,827,24754718.1437095,0.10439213776693301,0.2544834695574158,0.026566073413444854,1.1148902276202373,District of Columbia,92.15,5.4,86.75
2020,Democratic concerns,DE,1476.8596420040403,1819.647663888606,189.1476719356872,3485.654977828334,3485.654977828334,1119,20561432.3202525,-0.0983424992045922,0.13598549347874025,-0.013373153284269091,-0.07975861225865825,Delaware,58.74,39.77,18.97
2020,Democratic concerns,FL,59569.74110864026,62207.45506915916,5286.567317477209,127063.76349527662,127063.76349527662,1492,605381467.080447,-0.02075897870455374,0.1738648582635938,-0.003609256890164198,0.3774156730220035,Florida,47.86,51.22,-3.3599999999999994
2020,Democratic concerns,GA,77004.67483580892,50218.01908865807,8455.96277182666,135678.65669629365,135678.65669629365,1498,320611852.040047,0.1974271886189937,0.2593924400437339,0.051211120186855266,1.6631153223981905,Georgia,49.47,49.24,0.2299999999999968
2020,Democratic concerns,HI,1649.5090537924004,1914.1690718796674,215.00791669770115,3778.686042369769,3778.686042369769,1088,14521988.6366795,-0.07004022433186533,0.18241663300703145,-0.012776501897676032,0.08701742733533423,Hawaii,63.73,34.27,29.459999999999997
2020,Democratic concerns,IA,23710.9699252669,16401.0643043674,2433.3902157925645,42545.42444542686,42545.42444542686,1414,159581429.634451,0.17181414255899455,0.23825053695403772,0.040934811720978036,1.5121860277377996,Iowa,44.89,53.09,-8.200000000000003
2020,Democratic concerns,ID,2013.955178850427,3212.156449938628,343.58007874352904,5569.691707532585,5569.691707532585,1154,23862800.5868735,-0.2151288319006463,0.1562643304630271,-0.0336169628802476,-0.7679422347180391,Idaho,33.07,63.84,-30.770000000000003
2020,Democratic concerns,IL,25283.422389945994,52009.961222681704,3191.5148863596382,80484.89849898734,80484.89849898734,1495,198642234.6607125,-0.33206898848324923,0.1436986253752597,-0.04771785717479586,-1.457032290978552,Illinois,57.54,40.55,16.990000000000002
2020,Democratic concerns,IN,8765.986732306339,12560.452939174676,1261.4681478882565,22587.90781936927,22587.90781936927,1394,112128740.7448325,-0.1679866164326454,0.15723727090491116,-0.026413757116419266,-0.4901485934367108,Indiana,40.96,57.03,-16.07
2020,Democratic concerns,KS,3864.828098432834,7589.157205667856,601.6872047774716,12055.672508878162,12055.672508878162,1225,44804084.3254595,-0.30892752805721235,0.16204465965184092,-0.050060056141115514,-1.3206672412561837,Kansas,41.51,56.14,-14.630000000000004
2020,Democratic concerns,KY,26437.340908637078,21724.413476697893,3178.430274748772,51340.184660083745,51340.184660083745,1447,260934950.10509148,0.09179802260437558,0.26101044522106565,0.02396024275038152,1.0406772303100458,Kentucky,36.15,62.09,-25.940000000000005
2020,Democratic concerns,LA,5364.429893710387,11011.374231865415,762.19699559941,17138.001121175213,17138.001121175213,1259,67028953.39024901,-0.32949842272899776,0.15748452344483518,-0.05189090207930106,-1.4418847885979882,Louisiana,39.85,58.46,-18.61
2020,Democratic concerns,MA,10881.527546801202,10267.796070314917,1407.8416295791048,22557.165246695222,22557.165246695222,1306,92065162.049713,0.027207828190033836,0.20861348211175057,0.005675919779421206,0.6600683616070455,Massachusetts,65.6,32.14,33.459999999999994
2020,Democratic concerns,MD,10736.220540231214,10797.489162152153,1077.0230247230397,22610.732727106406,22610.732727106406,1378,81577150.0001055,-0.0027097141282594714,0.19418470958256503,-0.0005261850510478388,0.4837740797986695,Maryland,65.36,32.15,33.21
2020,Democratic concerns,ME,10473.297630621833,7191.231886611029,1256.388808329918,18920.91832556278,18920.91832556278,1263,41346730.8305375,0.17346228589637883,0.2099071600212319,0.03641097580329986,1.5218979968190218,Maine,53.09,44.02,9.07
2020,Democratic concerns,MI,22861.709734880747,24537.120133378863,2838.5432749812962,50237.373143240904,50237.373143240904,1426,507971649.067863,-0.03334988065003018,0.12611863539952373,-0.004206041438318787,0.3032216101480555,Michigan,50.62,47.84,2.779999999999994
2020,Democratic concerns,MN,19595.24013584853,17642.433028899864,1389.5256034390761,38627.198768187474,38627.198768187474,1353,151354646.563435,0.050555234892077,0.25507843937407504,0.012895550418460786,0.7976469853066264,Minnesota,52.4,45.28,7.119999999999997
2020,Democratic concerns,MO,10278.402503872523,15657.327213175613,1646.027732287666,27581.7574493358,27581.7574493358,1379,96598261.252976,-0.1950174755609208,0.16908135956588036,-0.03297381990694634,-0.6494325963131391,Missouri,41.41,56.8,-15.39
2020,Democratic concerns,MS,3756.3924420568364,11667.854618649222,896.7709233958442,16321.017984101903,16321.017984101903,1271,40226197.8130675,-0.4847407302840326,0.19549545145390657,-0.0947646079049733,-2.3566768803252325,Mississippi,41.06,57.6,-16.54
2020,Democratic concerns,MT,2221.434497115095,2654.144939070048,382.29931643267037,5257.878752617813,5257.878752617813,1140,32915658.8546995,-0.08229753144070005,0.10347384615995846,-0.008515642107639342,0.014789129613986143,Montana,40.55,56.92,-16.370000000000005
2020,Democratic concerns,NC,112370.59618088178,76463.45106829988,11706.079741948048,200540.1269911297,200540.1269911297,1532,377950358.3499785,0.17905217101099244,0.28407133715535227,0.05086358963966142,1.5548373596579796,North Carolina,48.59,49.93,-1.3399999999999963
2020,Democratic concerns,ND,706.4472997749989,1230.5807526226442,118.84499120058356,2055.8730435982266,2055.8730435982266,956,12207385.9356065,-0.2549444648246846,0.14254582593210247,-0.036341269305252506,-1.002562723808056,North Dakota,31.78,65.12,-33.34
2020,Democratic concerns,NE,2775.41536785687,3496.0305661697175,376.8519643968043,6648.297898423392,6648.297898423392,1183,38506381.887191005,-0.10839093093041716,0.13180098135220988,-0.014286031066308581,-0.13897073053889628,Nebraska,39.17,58.22,-19.05
2020,Democratic concerns,NH,2924.627793755152,2538.9540406997794,231.2819821737307,5694.863816628662,5694.863816628662,1144,54204029.528416,0.0677230861832426,0.12835283837073144,0.008692450334844854,0.8988115121708002,New Hampshire,52.71,45.36,7.350000000000001
2020,Democratic concerns,NJ,23253.980406546776,13896.456971030524,2088.1429856164295,39238.58036319373,39238.58036319373,1464,113963671.5496905,0.2384776245445853,0.23063080015587634,0.05500028536799036,1.9050121012989705,New Jersey,57.33,41.4,15.93
2020,Democratic concerns,NM,3886.76388178193,6247.424665449474,404.81895363618787,10539.007500867592,10539.007500867592,1194,36873064.1449205,-0.22399270362728266,0.1898254009278112,-0.04251950477095332,-0.820174128750773,New Mexico,54.29,43.5,10.79
2020,Democratic concerns,NV,5137.381446281099,5571.729939834489,438.58017498381435,11147.691561099402,11147.691561099402,1197,126298998.041248,-0.03896308856167838,0.15547348589637053,-0.006057727199973139,0.2701448137021112,Nevada,50.06,47.67,2.390000000000001
2020,Democratic concerns,NY,30642.73049492164,30286.065587516492,5883.609969998115,66812.40605243624,66812.40605243624,1657,352832648.85840946,0.005338303594772933,0.1746191774728031,0.0009321701828193575,0.5311984133006741,New York,60.87,37.74,23.129999999999995
2020,Democratic concerns,OH,28964.392238632303,34607.93865824942,3345.9070260825574,66918.23792296428,66918.23792296428,1467,215597443.0196725,-0.08433495254483418,0.20782454328176436,-0.017526872995319433,0.002783274103758355,Ohio,45.24,53.27,-8.030000000000001
2020,Democratic concerns,OK,5045.957361369475,8556.719537337382,951.1537580520843,14553.83065675894,14553.83065675894,1287,53389349.9609,-0.24122598776683407,0.14964484285877708,-0.03609822503282117,-0.9217242299676168,Oklahoma,32.29,65.37,-33.080000000000005
2020,Democratic concerns,OR,8237.626408403881,7655.789814839874,790.4404306489353,16683.85665389269,16683.85665389269,1289,82126906.0746825,0.034874226363498045,0.17594555364802172,0.006135965065572099,0.7052439360465778,Oregon,56.45,40.37,16.080000000000005
2020,Democratic concerns,PA,32980.180877238294,51193.920734111656,5039.805752516466,89213.90736386641,89213.90736386641,1537,450067018.8726115,-0.20415807798426647,0.1657623089809193,-0.033841714403778596,-0.7032951737393035,Pennsylvania,49.85,48.69,1.1600000000000037
2020,Democratic concerns,RI,1506.0084701219582,1527.1565862557509,163.47836020646065,3196.64341658417,3196.64341658417,1057,13978190.0961785,-0.006615725740342615,0.19619590020882274,-0.0012979782671611996,0.4607572322060008,Rhode Island,59.39,38.61,20.78
2020,Democratic concerns,SC,14384.61212910077,13634.53701950474,1847.0685580523616,29866.21770665787,29866.21770665787,1412,158560966.52086198,0.025114499497832978,0.22819214195074036,0.005730931434431301,0.6477330609846156,South Carolina,43.43,55.11,-11.68
2020,Democratic concerns,SD,1245.9003766598605,2038.8681793800404,182.91602757202963,3467.6845836119305,3467.6845836119305,1058,10582715.602634,-0.2286735669292698,0.15405264102347604,-0.03522776691771262,-0.8477569236637904,South Dakota,35.61,61.77,-26.160000000000004
2020,Democratic concerns,TN,8330.982027298589,21288.86354834777,1358.7654947572287,30978.61107040359,30978.61107040359,1372,97018198.2075255,-0.4182847801536496,0.1973149143481855,-0.08253382556916697,-1.9650737240403862,Tennessee,37.45,60.66,-23.209999999999997
2020,Democratic concerns,TX,37998.19098363655,52306.72126351285,4927.96327595671,95232.87552310611,95232.87552310611,1521,460591772.8974285,-0.15024780257112638,0.15077146243017028,-0.022653080920568225,-0.3856195710799252,Texas,46.48,52.06,-5.580000000000005
2020,Democratic concerns,UT,2962.223177421829,5995.693177835523,584.2629836305643,9542.179338887916,9542.179338887916,1169,39096435.8719675,-0.3179011725393988,0.1860033064365575,-0.05913066921238673,-1.3735459901975176,Utah,37.65,58.13,-20.480000000000004
2020,Democratic concerns,VA,14387.743131549538,17331.45448028446,1898.915817421506,33618.11342925551,33618.11342925551,1426,179737984.648323,-0.0875632523201976,0.15324844828035067,-0.013418932544451097,-0.01624003951956142,Virginia,54.11,44.0,10.11
2020,Democratic concerns,VT,1427.1148014228072,1138.9702452645233,109.1278584118197,2675.2129050991502,2675.2129050991502,950,13709557.873512499,0.1077090184519742,0.22824607984322198,0.024584161225424374,1.1344355195426912,Vermont,66.09,30.67,35.42
2020,Democratic concerns,WA,17385.666333586243,20274.940079699052,3281.32431852687,40941.930731812165,40941.930731812165,1420,144095878.081123,-0.070570041384683,0.18214220412906712,-0.012853782883285644,0.08389538890642194,Washington,57.97,38.77,19.2
2020,Democratic concerns,WI,17594.65612360221,19005.105555187096,1548.1138930169482,38147.87557180625,38147.87557180625,1421,284568151.1364035,-0.03697321044601758,0.1643232237935287,-0.0060755571344861805,0.28187051394695123,Wisconsin,49.45,48.82,0.6300000000000026
2020,Democratic concerns,WV,2688.3337715460866,4522.437434363768,429.42296604132247,7640.194171951177,7640.194171951177,1278,38558229.6389615,-0.2400598232897113,0.15490907961912898,-0.03718744627933992,-0.9148524045089095,West Virginia,29.69,68.62,-38.93000000000001
2020,Democratic concerns,WY,520.9585173433913,1235.8186086255678,155.21959445042305,1911.9967204193822,1911.9967204193822,948,9877252.3547785,-0.37388144218436586,0.13694269461748346,-0.05120033216019791,-1.7034193911440991,Wyoming,26.55,69.94,-43.39
2020,National security and foreign policy,AK,1369.8765794188228,467.46318754680334,319.9544078992209,2157.294174864847,2157.294174864847,771,29184844.7567595,0.4183079908091603,0.11503452364914334,0.048119860461361984,0.8851535477309138,Alaska,42.77,52.83,-10.059999999999995
2020,National security and foreign policy,AL,10486.087537187625,3864.9462943279495,3637.4499435642692,17988.483775079843,17988.483775079843,948,79885426.9061845,0.368076672033482,0.12305432952791381,0.045293428091945954,0.49762814393294846,Alabama,36.57,62.03,-25.46
2020,National security and foreign policy,AR,5581.348980021303,1513.3933055953357,1337.8164556400748,8432.558741256713,8432.558741256713,836,40384409.7305345,0.4824105943695704,0.11756525794913675,0.05671472596445492,1.3796933674036724,Arkansas,34.78,62.4,-27.62
2020,National security and foreign policy,AZ,12675.340783277265,7180.351584322906,3504.075539603202,23359.76790720337,23359.76790720337,945,419823979.29828846,0.23523303916302557,0.059544210354253155,0.014006765566193465,-0.5272360986327614,Arizona,49.36,49.06,0.2999999999999971
2020,National security and foreign policy,CA,33546.56622536623,18441.921750499532,12875.20796959205,64863.69594545781,64863.69594545781,996,603322860.2306296,0.2328674654550644,0.09965531657965655,0.02320648099102668,-0.5454860655604737,California,63.48,34.32,29.16
2020,National security and foreign policy,CO,5835.784864887715,3408.221073486529,1537.5665971159574,10781.572535490202,10781.572535490202,892,155549719.0106645,0.2251586012532274,0.06757291383712803,0.015214622762172603,-0.6049585378238744,Colorado,55.4,41.9,13.5
2020,National security and foreign policy,CT,2959.6109116645657,1651.7916842103914,1008.706843485431,5620.109439360388,5620.109439360388,868,42048411.348555,0.23270351610857853,0.10270915880278471,0.023900782389962363,-0.5467509046737584,Connecticut,59.26,39.19,20.07
2020,National security and foreign policy,DC,819.6992147622293,917.0707919997761,531.6173599998011,2268.3873667618063,2268.3873667618063,660,24754718.1437095,-0.042925462671989656,0.07495667013200678,-0.0032175497457680993,-2.673177880986369,District of Columbia,92.15,5.4,86.75
2020,National security and foreign policy,DE,1083.6986915236075,716.5871256990822,339.3295106347475,2139.6153278574375,2139.6153278574375,827,20561432.3202525,0.17157830243819694,0.08347258924480382,0.014322085162744334,-1.0183207078802972,Delaware,58.74,39.77,18.97
2020,National security and foreign policy,FL,34782.94882563569,15975.678608604638,12044.452144910292,62803.079579150624,62803.079579150624,1012,605381467.080447,0.2994641400240299,0.08593518898841784,0.025734507468219033,-0.03170494587312728,Florida,47.86,51.22,-3.3599999999999994
2020,National security and foreign policy,GA,10974.93023610756,8986.720713617113,4428.599715390683,24390.250665115356,24390.250665115356,939,320611852.040047,0.08151656782003164,0.04662963790586675,0.003801088040777105,-1.713130458556177,Georgia,49.47,49.24,0.2299999999999968
2020,National security and foreign policy,HI,1203.3986236023488,620.2927312388999,482.80499012579514,2306.496344967044,2306.496344967044,736,14521988.6366795,0.2528102390605698,0.1113464555070702,0.02814952403528952,-0.3916312279274451,Hawaii,63.73,34.27,29.459999999999997
2020,National security and foreign policy,IA,4518.922542745112,2353.5486548087174,1472.3456212945362,8344.816818848365,8344.816818848365,895,159581429.634451,0.2594872883303422,0.04673022102350683,0.012125898336467334,-0.3401190184630121,Iowa,44.89,53.09,-8.200000000000003
2020,National security and foreign policy,ID,2889.4662923577457,875.0786603794118,568.4004755689423,4332.9454283060995,4332.9454283060995,807,23862800.5868735,0.4649003005712511,0.12156594149930797,0.0565160427422554,1.2446046649724658,Idaho,33.07,63.84,-30.770000000000003
2020,National security and foreign policy,IL,12346.900836122673,9135.12261320428,4932.793436872425,26414.816886199376,26414.816886199376,956,198642234.6607125,0.12159002414271561,0.04716130537375041,0.005734344258996296,-1.4039710989865155,Illinois,57.54,40.55,16.990000000000002
2020,National security and foreign policy,IN,10368.418650070995,3820.1880223147155,3133.9231452603217,17322.529817646035,17322.529817646035,956,112128740.7448325,0.3780181472734865,0.12058431154743694,0.045583058041410995,0.5743248005334837,Indiana,40.96,57.03,-16.07
2020,National security and foreign policy,KS,4888.014357431832,1449.846662563315,1013.6967818140728,7351.55780180922,7351.55780180922,835,44804084.3254595,0.4676787951014114,0.09881495047478403,0.04621365697605264,1.266040240246913,Kansas,41.51,56.14,-14.630000000000004
2020,National security and foreign policy,KY,8630.376439289295,3397.3200222443984,2778.2232714221886,14805.919732955883,14805.919732955883,907,260934950.10509148,0.353443522012135,0.07527241530182438,0.026604547574636934,0.38473607760710055,Kentucky,36.15,62.09,-25.940000000000005
2020,National security and foreign policy,LA,8168.305471807322,2111.1193680723504,1779.1881425605316,12058.612982440203,12058.612982440203,866,67028953.39024901,0.5023120082347339,0.11080900891054872,0.055660695796358246,1.5332291222320356,Louisiana,39.85,58.46,-18.61
2020,National security and foreign policy,MA,6082.988126125929,3764.8797078111184,2127.4799688755065,11975.347802812554,11975.347802812554,899,92065162.049713,0.19357336893132865,0.11075057425533708,0.02143836176968487,-0.8486328073420166,Massachusetts,65.6,32.14,33.459999999999994
2020,National security and foreign policy,MD,4930.547440429661,2883.560666076335,1987.0353345807744,9801.14344108677,9801.14344108677,957,81577150.0001055,0.20885183312104982,0.08417383972713305,0.017579860727849186,-0.7307622606622576,Maryland,65.36,32.15,33.21
2020,National security and foreign policy,ME,2069.2262179917234,1992.5859974085593,960.720920141132,5022.533135541415,5022.533135541415,836,41346730.8305375,0.015259276248637939,0.05571958234023366,0.0008502404993883534,-2.2242933007150456,Maine,53.09,44.02,9.07
2020,National security and foreign policy,MI,12622.200416932697,8565.697747440478,4051.270690497529,25239.168854870702,25239.168854870702,933,507971649.067863,0.16072251399472642,0.06336178298014217,0.010183665051756718,-1.1020711230125024,Michigan,50.62,47.84,2.779999999999994
2020,National security and foreign policy,MN,6908.502093712243,3230.8852776822623,2681.6786611375715,12821.066032532077,12821.066032532077,891,151354646.563435,0.2868417342753265,0.08466514836648363,0.024285497990119993,-0.12908448923157223,Minnesota,52.4,45.28,7.119999999999997
2020,National security and foreign policy,MO,9496.12731968378,3628.194386540798,2480.741113943811,15605.062820168387,15605.062820168387,893,96598261.252976,0.37602751112024446,0.09566196942278529,0.035971532270910885,0.5589674080161792,Missouri,41.41,56.8,-15.39
2020,National security and foreign policy,MS,5911.077652932368,1440.2335224327035,1702.2106099140117,9053.521785279083,9053.521785279083,889,40226197.8130675,0.4938237557200341,0.10844435870268455,0.053552400501210254,1.4677438122008997,Mississippi,41.06,57.6,-16.54
2020,National security and foreign policy,MT,1749.979009363995,1237.0760093150109,641.1833141566285,3628.2383328356345,3628.2383328356345,800,32915658.8546995,0.1413641974418276,0.07140289701366338,0.010093813231357992,-1.251416981768719,Montana,40.55,56.92,-16.370000000000005
2020,National security and foreign policy,NC,16704.958959773798,9717.037820348329,6202.9761579095275,32624.972938031657,32624.972938031657,967,377950358.3499785,0.2141893313658352,0.04621429050742432,0.00989860798333168,-0.6895844414650658,North Carolina,48.59,49.93,-1.3399999999999963
2020,National security and foreign policy,ND,1049.5205881464044,359.8518261966244,296.0909547072171,1705.463369050246,1705.463369050246,670,12207385.9356065,0.4043879068090738,0.1182498526819164,0.04781881040652152,0.7777626548673358,North Dakota,31.78,65.12,-33.34
2020,National security and foreign policy,NE,2659.2681231739316,931.8778028699257,700.6702680370211,4291.816194080879,4291.816194080879,825,38506381.887191005,0.4024846923049411,0.08508427191526885,0.03424511700180693,0.7630797043256252,Nebraska,39.17,58.22,-19.05
2020,National security and foreign policy,NH,2301.075556643721,1381.8171378174482,368.06937837649764,4050.962072837667,4050.962072837667,806,54204029.528416,0.22692348195260678,0.09130200421345744,0.02071856870536934,-0.5913428071930197,New Hampshire,52.71,45.36,7.350000000000001
2020,National security and foreign policy,NJ,7590.095378031292,3821.6537760625224,2945.587731011602,14357.336885105415,14357.336885105415,935,113963671.5496905,0.2624749723521655,0.08438745905866989,0.022149595983293874,-0.31706958465960566,New Jersey,57.33,41.4,15.93
2020,National security and foreign policy,NM,4026.152135045935,1308.418741896999,697.3759418901412,6031.946818833076,6031.946818833076,827,36873064.1449205,0.45055659056269687,0.10864559335079359,0.048950988119794765,1.1339455752151546,New Mexico,54.29,43.5,10.79
2020,National security and foreign policy,NV,3388.181370843974,1247.0016716454497,784.7734900594912,5419.956532548915,5419.956532548915,828,126298998.041248,0.39505477328829486,0.07559049610438635,0.029862386301268088,0.7057592429622627,Nevada,50.06,47.67,2.390000000000001
2020,National security and foreign policy,NY,18591.29529657312,11798.99543916528,8789.828377026044,39180.11911276444,39180.11911276444,1061,352832648.85840946,0.1733608782009799,0.10240014657439368,0.017752179338045952,-1.0045684630834233,New York,60.87,37.74,23.129999999999995
2020,National security and foreign policy,OH,18725.523392991505,8571.233431226858,4087.8915135870047,31384.648337805367,31384.648337805367,931,215597443.0196725,0.32354321298967614,0.09746969450050123,0.03153565812781434,0.15406068205641202,Ohio,45.24,53.27,-8.030000000000001
2020,National security and foreign policy,OK,7601.664066007472,2607.395087688262,2345.5347066549516,12554.593860350684,12554.593860350684,905,53389349.9609,0.39780410532369914,0.12908836647178143,0.05135188213200481,0.7269698349427902,Oklahoma,32.29,65.37,-33.080000000000005
2020,National security and foreign policy,OR,5729.199073502182,2702.047365433162,1269.705197176058,9700.951636111402,9700.951636111402,877,82126906.0746825,0.31204688175132933,0.10230484125683625,0.0319239067022605,0.06536859684098956,Oregon,56.45,40.37,16.080000000000005
2020,National security and foreign policy,PA,21532.11682573617,8519.615120075452,7313.297497871921,37365.02944368355,37365.02944368355,1032,450067018.8726115,0.348253484592408,0.06942542635716467,0.024177646648196206,0.34469589160704467,Pennsylvania,49.85,48.69,1.1600000000000037
2020,National security and foreign policy,RI,918.5292831709705,514.9433888080971,302.882865537999,1736.3555375170668,1736.3555375170668,768,13978190.0961785,0.23243275103668481,0.10656985887082761,0.02477032547493771,-0.5488398075012669,Rhode Island,59.39,38.61,20.78
2020,National security and foreign policy,SC,6887.863717384205,2383.8502948647756,1594.3377234161962,10866.051735665176,10866.051735665176,915,158560966.52086198,0.4145032190244502,0.08302181563339532,0.03441280982929679,0.8558004318230191,South Carolina,43.43,55.11,-11.68
2020,National security and foreign policy,SD,1288.0773167908728,466.3000559973898,1116.7773560148594,2871.154728803122,2871.154728803122,740,10582715.602634,0.2862183819455984,0.12755167262025177,0.036507633351823145,-0.13389353803168552,South Dakota,35.61,61.77,-26.160000000000004
2020,National security and foreign policy,TN,11033.55387133763,3279.665200954437,2577.753213425589,16890.972285717657,16890.972285717657,895,97018198.2075255,0.45905520056649296,0.10758522201784865,0.04938755567139418,1.1995107913734284,Tennessee,37.45,60.66,-23.209999999999997
2020,National security and foreign policy,TX,34999.398080679486,13921.7424794716,11430.957415766221,60352.097975917306,60352.097975917306,1019,460591772.8974285,0.3492447869768942,0.09554866449821958,0.03336987297860743,0.3523436075380049,Texas,46.48,52.06,-5.580000000000005
2020,National security and foreign policy,UT,4090.2858068095597,1344.402828165517,824.0320212639399,6258.7206562390165,6258.7206562390165,831,39096435.8719675,0.4387291156550987,0.12199967059714809,0.05352480759130013,1.0426987773768195,Utah,37.65,58.13,-20.480000000000004
2020,National security and foreign policy,VA,9864.777891737067,5211.5338772253945,3275.8063533915943,18352.118122354055,18352.118122354055,952,179737984.648323,0.2535535126511486,0.08365828233719373,0.021211851348957013,-0.3858970086128433,Virginia,54.11,44.0,10.11
2020,National security and foreign policy,VT,641.9090486167638,458.9906887696915,179.60117982191497,1280.5009172083703,1280.5009172083703,699,13709557.873512499,0.14284906585295856,0.10925086150391025,0.015606383509464531,-1.239961494542113,Vermont,66.09,30.67,35.42
2020,National security and foreign policy,WA,20087.02069387771,6126.760282326738,8050.060884874152,34263.841861078596,34263.841861078596,958,144095878.081123,0.4074341828961358,0.15243276433120034,0.062106318781881845,0.8012641156987876,Washington,57.97,38.77,19.2
2020,National security and foreign policy,WI,8338.66373702407,4837.314813489573,1976.6672530760627,15152.645803589705,15152.645803589705,967,284568151.1364035,0.2310717856748831,0.06527051821694535,0.01508217519631455,-0.5593394054461774,Wisconsin,49.45,48.82,0.6300000000000026
2020,National security and foreign policy,WV,3788.6697829722757,1088.9047252608348,947.408942176502,5824.9834504096125,5824.9834504096125,848,38558229.6389615,0.4634802966730478,0.11810469796858163,0.054739200452958915,1.233649595556443,West Virginia,29.69,68.62,-38.93000000000001
2020,National security and foreign policy,WY,1147.779834188403,294.7648093196475,225.0862405670223,1667.6308840750726,1667.6308840750726,689,9877252.3547785,0.5115130890262133,0.11944051182393524,0.061095385157933065,1.6042137715704128,Wyoming,26.55,69.94,-43.39
2020,Guns control,AK,91.27107403001209,431.2998004781284,252.16205859016083,774.7329330983014,774.7329330983014,330,29184844.7567595,-0.43889798912804456,0.04131148869386351,-0.018131529315622643,0.47840233259431214,Alaska,42.77,52.83,-10.059999999999995
2020,Guns control,AL,478.92421462233216,4493.638060125289,4656.945586105661,9629.507860853282,9629.507860853282,593,79885426.9061845,-0.4169178636661093,0.06587284666774627,-0.027463566506321962,0.6188730173610066,Alabama,36.57,62.03,-25.46
2020,Guns control,AR,231.8760725849609,2495.4097911358444,1098.8475990556847,3826.13346277649,3826.13346277649,475,40384409.7305345,-0.5915982128099413,0.053343283017807316,-0.0315577908987497,-0.49747494443806595,Arkansas,34.78,62.4,-27.62
2020,Guns control,AZ,1741.955904703045,28508.998519941862,7907.562108074628,38158.516532719535,38158.516532719535,587,419823979.29828846,-0.7014696861259545,0.09726632320391562,-0.06822937720847634,-1.1996420507975707,Arizona,49.36,49.06,0.2999999999999971
2020,Guns control,CA,3296.929443516645,14358.891428848336,42818.4098830491,60474.23075541408,60474.23075541408,612,603322860.2306296,-0.1829202595411492,0.09291142792587066,-0.01699538251053904,2.1143059593668316,California,63.48,34.32,29.16
2020,Guns control,CO,959.7487168854691,6478.112631901435,2293.622678401923,9731.484027188828,9731.484027188828,470,155549719.0106645,-0.5670629371222506,0.06099154177296644,-0.03458604281739279,-0.3406747941041614,Colorado,55.4,41.9,13.5
2020,Guns control,CT,341.0688420057821,1447.7389255705518,757.2133943843473,2546.021161960681,2546.021161960681,406,42048411.348555,-0.43466649064005713,0.046529288203475044,-0.020224722415384307,0.50544501218348,Connecticut,59.26,39.19,20.07
2020,Guns control,DC,206.87680008273716,278.08487699394556,425.0521671162734,910.0138441929561,910.0138441929561,198,24754718.1437095,-0.07824944352836646,0.03007052875281395,-0.0023530021415114353,2.783236681617118,District of Columbia,92.15,5.4,86.75
2020,Guns control,DE,214.06919399795598,786.6825001722982,550.3969368693116,1551.1486310395658,1551.1486310395658,390,20561432.3202525,-0.3691543767734121,0.06051479948316792,-0.022339303088776855,0.924120124447877,Delaware,58.74,39.77,18.97
2020,Guns control,FL,2519.596717869552,39010.123147688144,14181.034882015621,55710.754747573315,55710.754747573315,661,605381467.080447,-0.6549996781619275,0.07623056496594904,-0.04993099551879853,-0.9026613146718783,Florida,47.86,51.22,-3.3599999999999994
2020,Guns control,GA,2790.0943830885703,24824.834723113065,8719.956137942307,36334.88524414394,36334.88524414394,605,320611852.040047,-0.6064348405662245,0.06946556497301334,-0.04212633881925206,-0.5922929319041917,Georgia,49.47,49.24,0.2299999999999968
2020,Guns control,HI,100.22948393924148,538.9335214090511,298.8313464516782,937.9943517999708,937.9943517999708,334,14521988.6366795,-0.46770434878201067,0.04528181741387971,-0.02117850292522452,0.29430651961836474,Hawaii,63.73,34.27,29.459999999999997
2020,Guns control,IA,839.4604847810924,11210.43038285894,2070.5455116103417,14120.436379250374,14120.436379250374,515,159581429.634451,-0.7344652544391425,0.07907316928279798,-0.0580764953965996,-1.410510277334603,Iowa,44.89,53.09,-8.200000000000003
2020,Guns control,ID,141.21666336986053,1123.8727972234283,531.3634019909487,1796.4528625842374,1796.4528625842374,370,23862800.5868735,-0.5469980060818267,0.0504016233789852,-0.027569587491592083,-0.2124437424695411,Idaho,33.07,63.84,-30.770000000000003
2020,Guns control,IL,3644.4659234621686,24150.516369854566,8999.980431877539,36794.96272519427,36794.96272519427,572,198642234.6607125,-0.5573059171045573,0.0656941322279342,-0.03661172860967693,-0.278319586644529,Illinois,57.54,40.55,16.990000000000002
2020,Guns control,IN,528.1665150053079,4615.600932330322,2215.082938666692,7358.850386002322,7358.850386002322,545,112128740.7448325,-0.5554446962395038,0.05122588426274474,-0.02845314572392023,-0.2664248879600786,Indiana,40.96,57.03,-16.07
2020,Guns control,KS,249.33209160614302,4077.137794920619,911.7882661431835,5238.258152669945,5238.258152669945,440,44804084.3254595,-0.7307401796078797,0.07040932464719632,-0.051450922538761754,-1.3867040523309817,Kansas,41.51,56.14,-14.630000000000004
2020,Guns control,KY,975.2618474979735,3887.7730580492616,2767.2529749376054,7630.287880484841,7630.287880484841,543,260934950.10509148,-0.3817039744988262,0.03879192975319932,-0.01480703376527545,0.843918098800283,Kentucky,36.15,62.09,-25.940000000000005
2020,Guns control,LA,362.2208487892359,3819.405158966661,1564.9062057312412,5746.5322134871385,5746.5322134871385,466,67028953.39024901,-0.6016122735836053,0.052806035003886004,-0.0317687587776233,-0.5614728491182704,Louisiana,39.85,58.46,-18.61
2020,Guns control,MA,575.1141907269964,2131.3695512490704,1529.1178342155463,4235.601576191613,4235.601576191613,450,92065162.049713,-0.3674225095367353,0.03917174804475068,-0.014392581969543,0.9351881493816883,Massachusetts,65.6,32.14,33.459999999999994
2020,Guns control,MD,757.4884657532197,3068.02134422027,2831.772131822121,6657.281941795611,6657.281941795611,544,81577150.0001055,-0.34706850313205306,0.05717383757878214,-0.019843238226783043,1.0652666251557594,Maryland,65.36,32.15,33.21
2020,Guns control,ME,395.537059987464,3729.632629090559,3246.4147463642976,7371.584435442321,7371.584435442321,410,41346730.8305375,-0.45229022312664285,0.08177977025617701,-0.03698819053641189,0.39281518325811937,Maine,53.09,44.02,9.07
2020,Guns control,MI,1132.925017250304,20368.77215379932,9886.334459597529,31388.031630647154,31388.031630647154,599,507971649.067863,-0.6128401858040441,0.07879822270657301,-0.04829071744452465,-0.6332282410898372,Michigan,50.62,47.84,2.779999999999994
2020,Guns control,MN,694.9451664777439,4698.212723286892,2398.692137586199,7791.850027350834,7791.850027350834,491,151354646.563435,-0.5137762588803607,0.05145423453409684,-0.026435964122480934,-0.00013005087494117362,Minnesota,52.4,45.28,7.119999999999997
2020,Guns control,MO,1914.8639086344142,7596.5321836678195,2167.7248191825774,11679.12091148481,11679.12091148481,530,96598261.252976,-0.48648081632978607,0.07159520729871797,-0.03482969489198058,0.1743097862738136,Missouri,41.41,56.8,-15.39
2020,Guns control,MS,337.42575343267157,4472.997727394912,1363.596949497415,6174.020430324998,6174.020430324998,459,40226197.8130675,-0.6698345139334994,0.07395328603201985,-0.04953646340304307,-0.9974678499140422,Mississippi,41.06,57.6,-16.54
2020,Guns control,MT,185.68626211110342,4309.685994078742,2206.0693305696313,6701.441586759476,6701.441586759476,411,32915658.8546995,-0.6153899393998634,0.1318828311613411,-0.08115936747626012,-0.649523217850154,Montana,40.55,56.92,-16.370000000000005
2020,Guns control,NC,3747.1582454718473,34941.76277864609,9476.864821831798,48165.78584594973,48165.78584594973,622,377950358.3499785,-0.6476506919859047,0.06822833612248826,-0.04418812910277642,-0.8556953807296616,North Carolina,48.59,49.93,-1.3399999999999963
2020,Guns control,ND,61.49805246357847,486.7067673306292,234.3853160369473,782.590135831155,782.590135831155,315,12207385.9356065,-0.5433351321448169,0.054261598315002324,-0.02948223269087076,-0.18903503122096826,North Dakota,31.78,65.12,-33.34
2020,Guns control,NE,178.11748321785694,1262.2052908888309,682.5358191776913,2122.858593284379,2122.858593284379,381,38506381.887191005,-0.5106735847128321,0.04208518483102341,-0.021491792200960827,0.01969853316455622,Nebraska,39.17,58.22,-19.05
2020,Guns control,NH,167.11198908337332,2066.9533037324068,770.9924406711052,3005.0577334868854,3005.0577334868854,371,54204029.528416,-0.6322145805979487,0.06772904532584527,-0.04281928998497872,-0.757046210571092,New Hampshire,52.71,45.36,7.350000000000001
2020,Guns control,NJ,1030.8958064903243,5054.368865033413,2122.1701012266108,8207.434772750348,8207.434772750348,495,113963671.5496905,-0.4902229709947247,0.048240462099952204,-0.023648582652796988,0.15039440739223509,New Jersey,57.33,41.4,15.93
2020,Guns control,NM,243.41849326633331,1650.2579297904454,692.3625678554127,2586.0389909121914,2586.0389909121914,380,36873064.1449205,-0.544013234706824,0.04657894856080589,-0.025339564475806774,-0.1933686521273703,New Mexico,54.29,43.5,10.79
2020,Guns control,NV,287.3698194961845,2174.5612535372825,765.8178530360774,3227.7489260695443,3227.7489260695443,427,126298998.041248,-0.5846772711467203,0.045016438998497665,-0.026320088710384413,-0.45324455929551455,Nevada,50.06,47.67,2.390000000000001
2020,Guns control,NY,2062.4376373421255,9395.710628416495,7378.838545539015,18836.986811297636,18836.986811297636,610,352832648.85840946,-0.3893018063099231,0.04923186182627968,-0.01916605273697123,0.7953618410530177,New York,60.87,37.74,23.129999999999995
2020,Guns control,OH,1021.3628589765879,8450.006740443192,4512.716967597184,13984.086567016964,13984.086567016964,574,215597443.0196725,-0.5312212453681382,0.04342966124345043,-0.023070758731662103,-0.11161754906632206,Ohio,45.24,53.27,-8.030000000000001
2020,Guns control,OK,282.0369458021812,2803.1579152919285,1664.2657247705279,4749.460585864637,4749.460585864637,494,53389349.9609,-0.5308225900417233,0.04883472260999533,-0.025922573939806823,-0.10906982081134131,Oklahoma,32.29,65.37,-33.080000000000005
2020,Guns control,OR,901.6935123134847,2137.336364203966,4838.428191416557,7877.458067934007,7877.458067934007,481,82126906.0746825,-0.1568580678227017,0.08307454024896221,-0.013030911868711477,2.28086433154497,Oregon,56.45,40.37,16.080000000000005
2020,Guns control,PA,2331.2836064971675,34880.1121296302,6801.867684901377,44013.26342102875,44013.26342102875,638,450067018.8726115,-0.7395231799053961,0.08177805889275616,-0.06047677015886179,-1.4428344901774257,Pennsylvania,49.85,48.69,1.1600000000000037
2020,Guns control,RI,86.2674996145258,366.0860252996538,237.96215367203732,690.3156785862169,690.3156785862169,307,13978190.0961785,-0.405348646083489,0.042368537349471054,-0.017174029251145827,0.6928096251779152,Rhode Island,59.39,38.61,20.78
2020,Guns control,SC,491.88013567402425,7233.056215410858,2544.309072873924,10269.245423958806,10269.245423958806,536,158560966.52086198,-0.6564431758548919,0.07846193088549708,-0.05150579909418273,-0.9118864262273605,South Carolina,43.43,55.11,-11.68
2020,Guns control,SD,82.09965686299041,674.9246274352673,720.5414720103602,1477.565756308618,1477.565756308618,341,10582715.602634,-0.40121731844498304,0.06564117974308407,-0.026336378116085333,0.7192121324512019,South Dakota,35.61,61.77,-26.160000000000004
2020,Guns control,TN,475.8502821433958,5324.123825354669,2194.2945633035993,7994.2686708016645,7994.2686708016645,543,97018198.2075255,-0.6064686768558516,0.05091863009838494,-0.030880554223080055,-0.5925091730162868,Tennessee,37.45,60.66,-23.209999999999997
2020,Guns control,TX,2753.642308977409,24324.321420995017,9722.810589348825,36800.77431932125,36800.77431932125,655,460591772.8974285,-0.5861474251831844,0.05826251210214166,-0.034150421453374456,-0.46264002633105394,Texas,46.48,52.06,-5.580000000000005
2020,Guns control,UT,199.72503961646686,2023.0555129420557,633.6868819818941,2856.467434540417,2856.467434540417,379,39096435.8719675,-0.638316562365763,0.05568040262957264,-0.03554172319765039,-0.7960427831267469,Utah,37.65,58.13,-20.480000000000004
2020,Guns control,VA,1163.8868017958503,20323.51584347905,4981.3085518454445,26468.71119712035,26468.71119712035,596,179737984.648323,-0.7238595373607636,0.12065783903892506,-0.08733932754566577,-1.3427312128783195,Virginia,54.11,44.0,10.11
2020,Guns control,VT,64.44091443652526,120.93075892315004,173.06929206012035,358.44096541979565,358.44096541979565,257,13709557.873512499,-0.15759873992211104,0.03058176979347969,-0.0048196483840404775,2.276130840957221,Vermont,66.09,30.67,35.42
2020,Guns control,WA,789.1526979276359,3355.4647050339436,7832.494217684917,11977.111620646498,11977.111620646498,551,144095878.081123,-0.2142680212383112,0.05328369890454009,-0.011416992728533776,1.9139685427706756,Washington,57.97,38.77,19.2
2020,Guns control,WI,1036.416881349107,15178.522604723723,4044.382911573448,20259.322397646276,20259.322397646276,562,284568151.1364035,-0.6980542313210655,0.0872676949464017,-0.06091758371497167,-1.1778145468525494,Wisconsin,49.45,48.82,0.6300000000000026
2020,Guns control,WV,184.51999905172008,1752.123475936386,736.1847498728002,2672.8282248609066,2672.8282248609066,478,38558229.6389615,-0.5864961550105764,0.05419304156081326,-0.031784010503745345,-0.4648686904820915,West Virginia,29.69,68.62,-38.93000000000001
2020,Guns control,WY,52.50804305901913,427.1451986079534,209.81755191483919,689.4707935818117,689.4707935818117,319,9877252.3547785,-0.5433691449099508,0.04938187776411987,-0.026832588694737525,-0.18925240015352718,Wyoming,26.55,69.94,-43.39
